LocalDateTime,Flow (cfs),Temperture (C)
2016-10-24 17:00:00,3.851091,8.643000
2016-10-24 17:15:00,3.794457,8.668000
2016-10-24 17:30:00,3.794457,8.693000
2016-10-24 17:45:00,3.737823,8.717000
2016-10-24 18:00:00,3.737823,8.742000
2016-10-24 18:15:00,3.652873,8.767000
2016-10-24 18:30:00,3.596239,8.792000
2016-10-24 18:45:00,3.539605,8.841000
2016-10-24 19:00:00,3.539605,8.841000
2016-10-24 19:15:00,3.539605,8.841000
2016-10-24 19:30:00,3.539605,8.841000
2016-10-24 19:45:00,3.539605,8.841000
2016-10-24 20:00:00,3.539605,8.841000
2016-10-24 20:15:00,3.539605,8.817000
2016-10-24 20:30:00,3.539605,8.792000
2016-10-24 20:45:00,3.539605,8.767000
2016-10-24 21:00:00,3.539605,8.742000
2016-10-24 21:15:00,3.482972,8.717000
2016-10-24 21:30:00,3.539605,8.693000
2016-10-24 21:45:00,3.539605,8.693000
2016-10-24 22:00:00,3.539605,8.668000
2016-10-24 22:15:00,3.539605,8.643000
2016-10-24 22:30:00,3.482972,8.618000
2016-10-24 22:45:00,3.482972,8.593000
2016-10-24 23:00:00,3.539605,8.568000
2016-10-24 23:15:00,3.539605,8.543000
2016-10-24 23:30:00,3.539605,8.519000
2016-10-24 23:45:00,3.596239,8.494000
2016-10-25 00:00:00,3.652873,8.469000
2016-10-25 00:15:00,3.652873,8.444000
2016-10-25 00:30:00,3.652873,8.419000
2016-10-25 00:45:00,3.794457,8.394000
2016-10-25 01:00:00,3.794457,8.369000
2016-10-25 01:15:00,3.794457,8.369000
2016-10-25 01:30:00,3.794457,8.344000
2016-10-25 01:45:00,3.794457,8.344000
2016-10-25 02:00:00,3.794457,8.319000
2016-10-25 02:15:00,3.737823,8.319000
2016-10-25 02:30:00,3.794457,8.295000
2016-10-25 02:45:00,4.530695,8.295000
2016-10-25 03:00:00,4.105942,8.245000
2016-10-25 03:15:00,3.652873,8.245000
2016-10-25 03:30:00,3.652873,8.270000
2016-10-25 03:45:00,3.652873,8.270000
2016-10-25 04:00:00,3.907724,8.270000
2016-10-25 04:15:00,4.049309,8.245000
2016-10-25 04:30:00,4.049309,8.245000
2016-10-25 04:45:00,3.907724,8.245000
2016-10-25 05:00:00,3.907724,8.245000
2016-10-25 05:15:00,3.907724,8.245000
2016-10-25 05:30:00,3.907724,8.245000
2016-10-25 05:45:00,3.737823,8.220000
2016-10-25 06:00:00,3.794457,8.245000
2016-10-25 06:15:00,3.737823,8.245000
2016-10-25 06:30:00,3.652873,8.220000
2016-10-25 06:45:00,3.652873,8.245000
2016-10-25 07:00:00,3.652873,8.220000
2016-10-25 07:15:00,3.652873,8.220000
2016-10-25 07:30:00,3.652873,8.195000
2016-10-25 07:45:00,3.794457,8.195000
2016-10-25 08:00:00,3.794457,8.170000
2016-10-25 08:15:00,3.851091,8.145000
2016-10-25 08:30:00,4.049309,8.145000
2016-10-25 08:45:00,3.907724,8.145000
2016-10-25 09:00:00,3.794457,8.145000
2016-10-25 09:15:00,3.851091,8.145000
2016-10-25 09:30:00,3.794457,8.120000
2016-10-25 09:45:00,3.794457,8.120000
2016-10-25 10:00:00,3.652873,8.120000
2016-10-25 10:15:00,3.737823,8.145000
2016-10-25 10:30:00,3.652873,8.145000
2016-10-25 10:45:00,3.652873,8.145000
2016-10-25 11:00:00,3.652873,8.145000
2016-10-25 11:15:00,3.652873,8.170000
2016-10-25 11:30:00,3.737823,8.195000
2016-10-25 11:45:00,3.794457,8.220000
2016-10-25 12:00:00,3.794457,8.245000
2016-10-25 12:15:00,3.794457,8.270000
2016-10-25 12:30:00,3.794457,8.270000
2016-10-25 12:45:00,3.794457,8.245000
2016-10-25 13:00:00,3.851091,8.319000
2016-10-25 13:15:00,3.907724,8.295000
2016-10-25 13:30:00,3.907724,8.295000
2016-10-25 13:45:00,3.851091,8.319000
2016-10-25 14:00:00,3.737823,8.344000
2016-10-25 14:15:00,3.794457,8.444000
2016-10-25 14:30:00,3.737823,8.519000
2016-10-25 14:45:00,3.652873,8.543000
2016-10-25 15:00:00,3.652873,8.643000
2016-10-25 15:15:00,3.652873,8.693000
2016-10-25 15:30:00,3.652873,8.742000
2016-10-25 15:45:00,3.596239,8.792000
2016-10-25 16:00:00,3.596239,8.841000
2016-10-25 16:15:00,3.539605,8.866000
2016-10-25 16:30:00,3.652873,8.965000
2016-10-25 16:45:00,3.596239,9.015000
2016-10-25 17:00:00,3.596239,9.064000
2016-10-25 17:15:00,3.652873,9.114000
2016-10-25 17:30:00,3.652873,9.114000
2016-10-25 17:45:00,3.652873,9.139000
2016-10-25 18:00:00,3.652873,9.163000
2016-10-25 18:15:00,3.652873,9.163000
2016-10-25 18:30:00,3.596239,9.188000
2016-10-25 18:45:00,3.596239,9.188000
2016-10-25 19:00:00,3.652873,9.213000
2016-10-25 19:15:00,3.596239,9.238000
2016-10-25 19:30:00,3.737823,9.238000
2016-10-25 19:45:00,3.737823,9.262000
2016-10-25 20:00:00,3.794457,9.287000
2016-10-25 20:15:00,3.794457,9.287000
2016-10-25 20:30:00,3.794457,9.287000
2016-10-25 20:45:00,3.907724,9.287000
2016-10-25 21:00:00,3.907724,9.287000
2016-10-25 21:15:00,3.851091,9.262000
2016-10-25 21:30:00,3.794457,9.238000
2016-10-25 21:45:00,3.737823,9.213000
2016-10-25 22:00:00,3.794457,9.163000
2016-10-25 22:15:00,3.737823,9.139000
2016-10-25 22:30:00,3.794457,9.114000
2016-10-25 22:45:00,3.907724,9.064000
2016-10-25 23:00:00,3.907724,9.015000
2016-10-25 23:15:00,3.907724,8.990000
2016-10-25 23:30:00,3.851091,8.916000
2016-10-25 23:45:00,3.907724,8.891000
2016-10-26 00:00:00,3.907724,8.841000
2016-10-26 00:15:00,3.907724,8.792000
2016-10-26 00:30:00,3.907724,8.742000
2016-10-26 00:45:00,3.907724,8.717000
2016-10-26 01:00:00,4.247527,8.693000
2016-10-26 01:15:00,4.304160,8.643000
2016-10-26 01:30:00,4.190893,8.593000
2016-10-26 01:45:00,4.247527,8.543000
2016-10-26 02:00:00,3.426338,8.494000
2016-10-26 02:15:00,3.369704,8.469000
2016-10-26 02:30:00,3.596239,8.444000
2016-10-26 02:45:00,3.794457,8.419000
2016-10-26 03:00:00,3.907724,8.369000
2016-10-26 03:15:00,3.794457,8.319000
2016-10-26 03:30:00,3.652873,8.270000
2016-10-26 03:45:00,3.737823,8.245000
2016-10-26 04:00:00,3.652873,8.195000
2016-10-26 04:15:00,3.851091,8.170000
2016-10-26 04:30:00,3.907724,8.145000
2016-10-26 04:45:00,3.907724,8.095000
2016-10-26 05:00:00,3.907724,8.070000
2016-10-26 05:15:00,3.907724,8.045000
2016-10-26 05:30:00,3.907724,7.995000
2016-10-26 05:45:00,3.907724,7.970000
2016-10-26 06:00:00,3.992675,7.945000
2016-10-26 06:15:00,3.907724,7.895000
2016-10-26 06:30:00,3.992675,7.870000
2016-10-26 06:45:00,3.992675,7.845000
2016-10-26 07:00:00,3.907724,7.795000
2016-10-26 07:15:00,3.794457,7.770000
2016-10-26 07:30:00,3.794457,7.745000
2016-10-26 07:45:00,3.737823,7.695000
2016-10-26 08:00:00,3.794457,7.670000
2016-10-26 08:15:00,3.794457,7.645000
2016-10-26 08:30:00,3.907724,7.594000
2016-10-26 08:45:00,3.907724,7.569000
2016-10-26 09:00:00,3.652873,7.544000
2016-10-26 09:15:00,3.652873,7.519000
2016-10-26 09:30:00,3.539605,7.494000
2016-10-26 09:45:00,3.596239,7.494000
2016-10-26 10:00:00,3.737823,7.469000
2016-10-26 10:15:00,3.737823,7.469000
2016-10-26 10:30:00,3.737823,7.444000
2016-10-26 10:45:00,3.737823,7.444000
2016-10-26 11:00:00,3.737823,7.444000
2016-10-26 11:15:00,3.652873,7.444000
2016-10-26 11:30:00,3.652873,7.469000
2016-10-26 11:45:00,3.652873,7.494000
2016-10-26 12:00:00,3.652873,7.519000
2016-10-26 12:15:00,3.652873,7.519000
2016-10-26 12:30:00,3.794457,7.544000
2016-10-26 12:45:00,3.794457,7.544000
2016-10-26 13:00:00,3.851091,7.569000
2016-10-26 13:15:00,3.907724,7.594000
2016-10-26 13:30:00,3.992675,7.619000
2016-10-26 13:45:00,3.992675,7.645000
2016-10-26 14:00:00,3.992675,7.645000
2016-10-26 14:15:00,3.992675,7.695000
2016-10-26 14:30:00,3.992675,7.770000
2016-10-26 14:45:00,3.992675,7.845000
2016-10-26 15:00:00,3.992675,7.895000
2016-10-26 15:15:00,3.907724,7.970000
2016-10-26 15:30:00,3.907724,8.045000
2016-10-26 15:45:00,3.907724,8.095000
2016-10-26 16:00:00,3.907724,8.145000
2016-10-26 16:15:00,3.851091,8.220000
2016-10-26 16:30:00,3.794457,8.295000
2016-10-26 16:45:00,3.737823,8.344000
2016-10-26 17:00:00,3.737823,8.419000
2016-10-26 17:15:00,3.794457,8.444000
2016-10-26 17:30:00,3.794457,8.494000
2016-10-26 17:45:00,3.737823,8.543000
2016-10-26 18:00:00,3.737823,8.568000
2016-10-26 18:15:00,3.652873,8.568000
2016-10-26 18:30:00,3.794457,8.593000
2016-10-26 18:45:00,3.737823,8.593000
2016-10-26 19:00:00,3.737823,8.618000
2016-10-26 19:15:00,3.737823,8.618000
2016-10-26 19:30:00,3.794457,8.643000
2016-10-26 19:45:00,3.737823,8.643000
2016-10-26 20:00:00,3.737823,8.643000
2016-10-26 20:15:00,3.737823,8.618000
2016-10-26 20:30:00,3.794457,8.593000
2016-10-26 20:45:00,3.794457,8.568000
2016-10-26 21:00:00,3.794457,8.543000
2016-10-26 21:15:00,3.851091,8.494000
2016-10-26 21:30:00,3.907724,8.444000
2016-10-26 21:45:00,3.992675,8.394000
2016-10-26 22:00:00,3.992675,8.344000
2016-10-26 22:15:00,3.992675,8.295000
2016-10-26 22:30:00,3.907724,8.270000
2016-10-26 22:45:00,3.992675,8.245000
2016-10-26 23:00:00,3.907724,8.195000
2016-10-26 23:15:00,3.794457,8.170000
2016-10-26 23:30:00,3.794457,8.120000
2016-10-26 23:45:00,3.794457,8.095000
2016-10-27 00:00:00,3.652873,8.070000
2016-10-27 00:15:00,3.737823,8.045000
2016-10-27 00:30:00,3.737823,8.020000
2016-10-27 00:45:00,3.737823,7.995000
2016-10-27 01:00:00,3.652873,7.970000
2016-10-27 01:15:00,3.652873,7.945000
2016-10-27 01:30:00,3.794457,7.920000
2016-10-27 01:45:00,3.737823,7.870000
2016-10-27 02:00:00,3.652873,7.845000
2016-10-27 02:15:00,3.652873,7.820000
2016-10-27 02:30:00,3.652873,7.795000
2016-10-27 02:45:00,3.737823,7.795000
2016-10-27 03:00:00,3.794457,7.745000
2016-10-27 03:15:00,3.794457,7.720000
2016-10-27 03:30:00,3.907724,7.695000
2016-10-27 03:45:00,3.907724,7.670000
2016-10-27 04:00:00,4.105942,7.645000
2016-10-27 04:15:00,4.304160,7.594000
2016-10-27 04:30:00,4.190893,7.569000
2016-10-27 04:45:00,4.190893,7.544000
2016-10-27 05:00:00,4.190893,7.519000
2016-10-27 05:15:00,3.907724,7.494000
2016-10-27 05:30:00,3.426338,7.494000
2016-10-27 05:45:00,3.794457,7.494000
2016-10-27 06:00:00,4.049309,7.469000
2016-10-27 06:15:00,4.049309,7.444000
2016-10-27 06:30:00,3.907724,7.419000
2016-10-27 06:45:00,3.907724,7.393000
2016-10-27 07:00:00,3.907724,7.393000
2016-10-27 07:15:00,3.851091,7.368000
2016-10-27 07:30:00,3.992675,7.343000
2016-10-27 07:45:00,3.992675,7.343000
2016-10-27 08:00:00,3.907724,7.318000
2016-10-27 08:15:00,3.992675,7.293000
2016-10-27 08:30:00,3.992675,7.293000
2016-10-27 08:45:00,3.992675,7.268000
2016-10-27 09:00:00,3.907724,7.268000
2016-10-27 09:15:00,3.992675,7.268000
2016-10-27 09:30:00,3.907724,7.242000
2016-10-27 09:45:00,3.794457,7.268000
2016-10-27 10:00:00,3.737823,7.268000
2016-10-27 10:15:00,2.860001,7.268000
2016-10-27 10:30:00,4.870497,7.368000
2016-10-27 10:45:00,3.086536,7.343000
2016-10-27 11:00:00,3.737823,7.419000
2016-10-27 11:15:00,3.907724,7.368000
2016-10-27 11:30:00,3.851091,7.343000
2016-10-27 11:45:00,3.907724,7.343000
2016-10-27 12:00:00,3.851091,7.393000
2016-10-27 12:15:00,3.652873,7.419000
2016-10-27 12:30:00,3.737823,7.494000
2016-10-27 12:45:00,3.737823,7.544000
2016-10-27 13:00:00,3.652873,7.569000
2016-10-27 13:15:00,3.737823,7.619000
2016-10-27 13:30:00,3.652873,7.619000
2016-10-27 13:45:00,3.907724,7.670000
2016-10-27 14:00:00,3.851091,7.695000
2016-10-27 14:15:00,3.794457,7.745000
2016-10-27 14:30:00,3.794457,7.845000
2016-10-27 14:45:00,3.851091,7.895000
2016-10-27 15:00:00,3.851091,7.970000
2016-10-27 15:15:00,3.851091,8.070000
2016-10-27 15:30:00,3.851091,8.145000
2016-10-27 15:45:00,3.992675,8.245000
2016-10-27 16:00:00,3.992675,8.295000
2016-10-27 16:15:00,3.907724,8.344000
2016-10-27 16:30:00,3.794457,8.444000
2016-10-27 16:45:00,3.794457,8.519000
2016-10-27 17:00:00,3.794457,8.593000
2016-10-27 17:15:00,3.851091,8.668000
2016-10-27 17:30:00,3.794457,8.717000
2016-10-27 17:45:00,3.794457,8.742000
2016-10-27 18:00:00,3.794457,8.792000
2016-10-27 18:15:00,3.794457,8.817000
2016-10-27 18:30:00,3.652873,8.841000
2016-10-27 18:45:00,3.652873,8.866000
2016-10-27 19:00:00,3.652873,8.891000
2016-10-27 19:15:00,3.652873,8.916000
2016-10-27 19:30:00,3.596239,8.916000
2016-10-27 19:45:00,3.652873,8.941000
2016-10-27 20:00:00,3.596239,8.941000
2016-10-27 20:15:00,3.652873,8.941000
2016-10-27 20:30:00,3.596239,8.916000
2016-10-27 20:45:00,3.652873,8.891000
2016-10-27 21:00:00,3.652873,8.891000
2016-10-27 21:15:00,3.652873,8.866000
2016-10-27 21:30:00,3.652873,8.841000
2016-10-27 21:45:00,3.652873,8.792000
2016-10-27 22:00:00,3.652873,8.767000
2016-10-27 22:15:00,3.652873,8.742000
2016-10-27 22:30:00,4.304160,8.717000
2016-10-27 22:45:00,4.247527,8.643000
2016-10-27 23:00:00,4.049309,8.618000
2016-10-27 23:15:00,3.539605,8.593000
2016-10-27 23:30:00,3.737823,8.593000
2016-10-27 23:45:00,3.851091,8.568000
2016-10-28 00:00:00,4.049309,8.543000
2016-10-28 00:15:00,3.992675,8.519000
2016-10-28 00:30:00,3.907724,8.494000
2016-10-28 00:45:00,3.851091,8.469000
2016-10-28 01:00:00,3.851091,8.469000
2016-10-28 01:15:00,3.851091,8.444000
2016-10-28 01:30:00,3.851091,8.444000
2016-10-28 01:45:00,3.907724,8.419000
2016-10-28 02:00:00,3.851091,8.394000
2016-10-28 02:15:00,3.652873,8.369000
2016-10-28 02:30:00,3.652873,8.369000
2016-10-28 02:45:00,3.652873,8.344000
2016-10-28 03:00:00,3.596239,8.344000
2016-10-28 03:15:00,3.652873,8.295000
2016-10-28 03:30:00,3.652873,8.295000
2016-10-28 03:45:00,3.652873,8.270000
2016-10-28 04:00:00,3.737823,8.245000
2016-10-28 04:15:00,3.596239,8.245000
2016-10-28 04:30:00,3.652873,8.220000
2016-10-28 04:45:00,3.652873,8.195000
2016-10-28 05:00:00,3.652873,8.195000
2016-10-28 05:15:00,3.652873,8.195000
2016-10-28 05:30:00,3.652873,8.195000
2016-10-28 05:45:00,3.737823,8.170000
2016-10-28 06:00:00,3.794457,8.170000
2016-10-28 06:15:00,3.907724,8.170000
2016-10-28 06:30:00,3.851091,8.145000
2016-10-28 06:45:00,3.907724,8.145000
2016-10-28 07:00:00,3.907724,8.145000
2016-10-28 07:15:00,3.907724,8.120000
2016-10-28 07:30:00,3.907724,8.120000
2016-10-28 07:45:00,3.851091,8.120000
2016-10-28 08:00:00,3.907724,8.095000
2016-10-28 08:15:00,3.907724,8.095000
2016-10-28 08:30:00,3.794457,8.095000
2016-10-28 08:45:00,3.907724,8.095000
2016-10-28 09:00:00,4.049309,8.070000
2016-10-28 09:15:00,4.389111,8.070000
2016-10-28 09:30:00,3.737823,8.045000
2016-10-28 09:45:00,3.794457,8.095000
2016-10-28 10:00:00,3.907724,8.095000
2016-10-28 10:15:00,3.794457,8.095000
2016-10-28 10:30:00,3.851091,8.095000
2016-10-28 10:45:00,3.851091,8.095000
2016-10-28 11:00:00,3.794457,8.095000
2016-10-28 11:15:00,3.737823,8.120000
2016-10-28 11:30:00,3.652873,8.145000
2016-10-28 11:45:00,3.652873,8.170000
2016-10-28 12:00:00,3.596239,8.220000
2016-10-28 12:15:00,3.539605,8.245000
2016-10-28 12:30:00,3.652873,8.295000
2016-10-28 12:45:00,3.652873,8.319000
2016-10-28 13:00:00,3.652873,8.344000
2016-10-28 13:15:00,3.652873,8.394000
2016-10-28 13:30:00,3.596239,8.444000
2016-10-28 13:45:00,3.652873,8.469000
2016-10-28 14:00:00,3.652873,8.494000
2016-10-28 14:15:00,3.596239,8.543000
2016-10-28 14:30:00,3.652873,8.593000
2016-10-28 14:45:00,3.652873,8.643000
2016-10-28 15:00:00,3.794457,8.693000
2016-10-28 15:15:00,3.851091,8.693000
2016-10-28 15:30:00,3.596239,8.742000
2016-10-28 15:45:00,3.539605,8.767000
2016-10-28 16:00:00,3.652873,8.817000
2016-10-28 16:15:00,3.794457,8.841000
2016-10-28 16:30:00,3.851091,8.866000
2016-10-28 16:45:00,3.851091,8.916000
2016-10-28 17:00:00,3.851091,8.941000
2016-10-28 17:15:00,3.907724,8.990000
2016-10-28 17:30:00,4.049309,9.015000
2016-10-28 17:45:00,4.049309,9.040000
2016-10-28 18:00:00,3.907724,9.064000
2016-10-28 18:15:00,3.907724,9.064000
2016-10-28 18:30:00,3.907724,9.089000
2016-10-28 18:45:00,3.907724,9.114000
2016-10-28 19:00:00,3.907724,9.114000
2016-10-28 19:15:00,3.907724,9.139000
2016-10-28 19:30:00,4.049309,9.139000
2016-10-28 19:45:00,3.907724,9.139000
2016-10-28 20:00:00,3.907724,9.114000
2016-10-28 20:15:00,3.907724,9.139000
2016-10-28 20:30:00,4.445744,9.114000
2016-10-28 20:45:00,4.247527,9.089000
2016-10-28 21:00:00,3.851091,9.064000
2016-10-28 21:15:00,3.652873,9.089000
2016-10-28 21:30:00,3.851091,9.089000
2016-10-28 21:45:00,3.992675,9.064000
2016-10-28 22:00:00,4.049309,9.040000
2016-10-28 22:15:00,4.049309,9.015000
2016-10-28 22:30:00,3.992675,8.990000
2016-10-28 22:45:00,3.907724,8.965000
2016-10-28 23:00:00,3.851091,8.965000
2016-10-28 23:15:00,3.851091,8.965000
2016-10-28 23:30:00,3.907724,8.965000
2016-10-28 23:45:00,3.851091,8.941000
2016-10-29 00:00:00,3.907724,8.941000
2016-10-29 00:15:00,3.992675,8.941000
2016-10-29 00:30:00,3.907724,8.916000
2016-10-29 00:45:00,3.794457,8.916000
2016-10-29 01:00:00,4.445744,8.916000
2016-10-29 01:15:00,4.190893,8.891000
2016-10-29 01:30:00,4.190893,8.891000
2016-10-29 01:45:00,4.190893,8.891000
2016-10-29 02:00:00,4.190893,8.891000
2016-10-29 02:15:00,4.190893,8.891000
2016-10-29 02:30:00,3.737823,8.866000
2016-10-29 02:45:00,4.190893,8.891000
2016-10-29 03:00:00,4.190893,8.866000
2016-10-29 03:15:00,4.190893,8.866000
2016-10-29 03:30:00,4.247527,8.841000
2016-10-29 03:45:00,4.190893,8.841000
2016-10-29 04:00:00,4.190893,8.841000
2016-10-29 04:15:00,4.190893,8.841000
2016-10-29 04:30:00,4.190893,8.841000
2016-10-29 04:45:00,4.190893,8.841000
2016-10-29 05:00:00,4.190893,8.841000
2016-10-29 05:15:00,4.190893,8.817000
2016-10-29 05:30:00,4.190893,8.817000
2016-10-29 05:45:00,4.105942,8.817000
2016-10-29 06:00:00,4.247527,8.817000
2016-10-29 06:15:00,4.190893,8.792000
2016-10-29 06:30:00,4.190893,8.792000
2016-10-29 06:45:00,4.190893,8.792000
2016-10-29 07:00:00,4.190893,8.792000
2016-10-29 07:15:00,4.190893,8.792000
2016-10-29 07:30:00,4.190893,8.792000
2016-10-29 07:45:00,4.190893,8.767000
2016-10-29 08:00:00,4.190893,8.767000
2016-10-29 08:15:00,4.190893,8.767000
2016-10-29 08:30:00,4.190893,8.767000
2016-10-29 08:45:00,4.190893,8.767000
2016-10-29 09:00:00,4.190893,8.742000
2016-10-29 09:15:00,4.190893,8.742000
2016-10-29 09:30:00,4.190893,8.742000
2016-10-29 09:45:00,3.482972,8.742000
2016-10-29 10:00:00,3.737823,8.792000
2016-10-29 10:15:00,4.049309,8.767000
2016-10-29 10:30:00,4.049309,8.742000
2016-10-29 10:45:00,3.907724,8.742000
2016-10-29 11:00:00,3.851091,8.767000
2016-10-29 11:15:00,3.907724,8.792000
2016-10-29 11:30:00,3.907724,8.792000
2016-10-29 11:45:00,3.907724,8.792000
2016-10-29 12:00:00,3.907724,8.841000
2016-10-29 12:15:00,3.907724,8.866000
2016-10-29 12:30:00,3.794457,8.891000
2016-10-29 12:45:00,3.907724,8.891000
2016-10-29 13:00:00,3.992675,8.916000
2016-10-29 13:15:00,4.049309,8.941000
2016-10-29 13:30:00,4.049309,8.965000
2016-10-29 13:45:00,3.992675,8.990000
2016-10-29 14:00:00,4.105942,8.990000
2016-10-29 14:15:00,4.190893,9.040000
2016-10-29 14:30:00,4.190893,9.064000
2016-10-29 14:45:00,4.105942,9.163000
2016-10-29 15:00:00,4.105942,9.238000
2016-10-29 15:15:00,4.190893,9.287000
2016-10-29 15:30:00,4.049309,9.287000
2016-10-29 15:45:00,4.105942,9.312000
2016-10-29 16:00:00,4.049309,9.336000
2016-10-29 16:15:00,3.992675,9.336000
2016-10-29 16:30:00,3.992675,9.361000
2016-10-29 16:45:00,3.907724,9.386000
2016-10-29 17:00:00,3.907724,9.410000
2016-10-29 17:15:00,3.907724,9.435000
2016-10-29 17:30:00,3.907724,9.386000
2016-10-29 17:45:00,3.851091,9.386000
2016-10-29 18:00:00,3.851091,9.386000
2016-10-29 18:15:00,3.907724,9.386000
2016-10-29 18:30:00,3.851091,9.386000
2016-10-29 18:45:00,3.794457,9.386000
2016-10-29 19:00:00,3.851091,9.386000
2016-10-29 19:15:00,3.851091,9.386000
2016-10-29 19:30:00,4.049309,9.410000
2016-10-29 19:45:00,4.247527,9.410000
2016-10-29 20:00:00,4.190893,9.410000
2016-10-29 20:15:00,4.190893,9.410000
2016-10-29 20:30:00,3.907724,9.410000
2016-10-29 20:45:00,3.482972,9.386000
2016-10-29 21:00:00,3.652873,9.386000
2016-10-29 21:15:00,4.049309,9.336000
2016-10-29 21:30:00,4.247527,9.312000
2016-10-29 21:45:00,4.049309,9.262000
2016-10-29 22:00:00,3.992675,9.238000
2016-10-29 22:15:00,4.304160,9.213000
2016-10-29 22:30:00,4.049309,9.188000
2016-10-29 22:45:00,4.105942,9.188000
2016-10-29 23:00:00,4.105942,9.139000
2016-10-29 23:15:00,4.049309,9.114000
2016-10-29 23:30:00,3.907724,9.089000
2016-10-29 23:45:00,4.105942,9.064000
2016-10-30 00:00:00,4.105942,9.040000
2016-10-30 00:15:00,4.190893,8.990000
2016-10-30 00:30:00,3.992675,8.965000
2016-10-30 00:45:00,4.190893,8.941000
2016-10-30 01:00:00,3.992675,8.891000
2016-10-30 01:15:00,4.190893,8.891000
2016-10-30 01:30:00,4.105942,8.841000
2016-10-30 01:45:00,4.105942,8.792000
2016-10-30 02:00:00,4.190893,8.767000
2016-10-30 02:15:00,4.105942,8.742000
2016-10-30 02:30:00,4.049309,8.717000
2016-10-30 02:45:00,4.190893,8.693000
2016-10-30 03:00:00,4.247527,8.668000
2016-10-30 03:15:00,4.190893,8.643000
2016-10-30 03:30:00,4.105942,8.618000
2016-10-30 03:45:00,4.190893,8.593000
2016-10-30 04:00:00,4.190893,8.568000
2016-10-30 04:15:00,4.190893,8.568000
2016-10-30 04:30:00,4.190893,8.543000
2016-10-30 04:45:00,4.190893,8.543000
2016-10-30 05:00:00,4.190893,8.519000
2016-10-30 05:15:00,4.105942,8.494000
2016-10-30 05:30:00,4.190893,8.494000
2016-10-30 05:45:00,4.190893,8.469000
2016-10-30 06:00:00,4.049309,8.469000
2016-10-30 06:15:00,3.652873,8.444000
2016-10-30 06:30:00,3.907724,8.469000
2016-10-30 06:45:00,4.105942,8.444000
2016-10-30 07:00:00,4.049309,8.419000
2016-10-30 07:15:00,4.049309,8.419000
2016-10-30 07:30:00,4.049309,8.394000
2016-10-30 07:45:00,4.105942,8.369000
2016-10-30 08:00:00,4.247527,8.369000
2016-10-30 08:15:00,4.190893,8.344000
2016-10-30 08:30:00,3.907724,8.344000
2016-10-30 08:45:00,4.190893,8.344000
2016-10-30 09:00:00,4.247527,8.344000
2016-10-30 09:15:00,3.992675,8.319000
2016-10-30 09:30:00,4.105942,8.344000
2016-10-30 09:45:00,4.049309,8.344000
2016-10-30 10:00:00,4.049309,8.344000
2016-10-30 10:15:00,4.105942,8.344000
2016-10-30 10:30:00,3.907724,8.344000
2016-10-30 10:45:00,3.992675,8.394000
2016-10-30 11:00:00,3.907724,8.394000
2016-10-30 11:15:00,3.907724,8.419000
2016-10-30 11:30:00,3.907724,8.444000
2016-10-30 11:45:00,3.851091,8.444000
2016-10-30 12:00:00,3.794457,8.469000
2016-10-30 12:15:00,3.794457,8.494000
2016-10-30 12:30:00,3.794457,8.543000
2016-10-30 12:45:00,3.851091,8.543000
2016-10-30 13:00:00,3.907724,8.568000
2016-10-30 13:15:00,3.907724,8.593000
2016-10-30 13:30:00,3.851091,8.643000
2016-10-30 13:45:00,3.907724,8.693000
2016-10-30 14:00:00,3.907724,8.742000
2016-10-30 14:15:00,3.907724,8.817000
2016-10-30 14:30:00,3.851091,8.866000
2016-10-30 14:45:00,3.851091,8.941000
2016-10-30 15:00:00,3.907724,9.015000
2016-10-30 15:15:00,3.851091,9.064000
2016-10-30 15:30:00,3.851091,9.089000
2016-10-30 15:45:00,3.907724,9.139000
2016-10-30 16:00:00,3.794457,9.163000
2016-10-30 16:15:00,3.907724,9.213000
2016-10-30 16:30:00,3.907724,9.238000
2016-10-30 16:45:00,3.794457,9.262000
2016-10-30 17:00:00,3.907724,9.312000
2016-10-30 17:15:00,3.907724,9.336000
2016-10-30 17:30:00,3.992675,9.336000
2016-10-30 17:45:00,4.105942,9.361000
2016-10-30 18:00:00,4.049309,9.386000
2016-10-30 18:15:00,4.190893,9.386000
2016-10-30 18:30:00,4.105942,9.410000
2016-10-30 18:45:00,4.105942,9.435000
2016-10-30 19:00:00,4.049309,9.435000
2016-10-30 19:15:00,4.049309,9.460000
2016-10-30 19:30:00,4.049309,9.460000
2016-10-30 19:45:00,3.992675,9.460000
2016-10-30 20:00:00,4.304160,9.485000
2016-10-30 20:15:00,4.190893,9.460000
2016-10-30 20:30:00,4.190893,9.460000
2016-10-30 20:45:00,4.190893,9.435000
2016-10-30 21:00:00,4.190893,9.410000
2016-10-30 21:15:00,4.190893,9.386000
2016-10-30 21:30:00,4.190893,9.386000
2016-10-30 21:45:00,4.190893,9.361000
2016-10-30 22:00:00,4.190893,9.336000
2016-10-30 22:15:00,4.105942,9.336000
2016-10-30 22:30:00,4.190893,9.336000
2016-10-30 22:45:00,4.190893,9.312000
2016-10-30 23:00:00,3.737823,9.287000
2016-10-30 23:15:00,3.539605,9.312000
2016-10-30 23:30:00,3.907724,9.287000
2016-10-30 23:45:00,4.049309,9.262000
2016-10-31 00:00:00,4.049309,9.238000
2016-10-31 00:15:00,4.105942,9.238000
2016-10-31 00:30:00,4.190893,9.213000
2016-10-31 00:45:00,4.445744,9.188000
2016-10-31 01:00:00,4.389111,9.163000
2016-10-31 01:15:00,4.304160,9.139000
2016-10-31 01:30:00,4.304160,9.139000
2016-10-31 01:45:00,4.304160,9.114000
2016-10-31 02:00:00,4.304160,9.089000
2016-10-31 02:15:00,4.304160,9.064000
2016-10-31 02:30:00,4.247527,9.040000
2016-10-31 02:45:00,4.247527,9.040000
2016-10-31 03:00:00,4.247527,9.015000
2016-10-31 03:15:00,4.190893,8.990000
2016-10-31 03:30:00,4.190893,8.965000
2016-10-31 03:45:00,4.190893,8.941000
2016-10-31 04:00:00,4.190893,8.916000
2016-10-31 04:15:00,4.247527,8.866000
2016-10-31 04:30:00,4.190893,8.841000
2016-10-31 04:45:00,4.247527,8.792000
2016-10-31 05:00:00,4.247527,8.767000
2016-10-31 05:15:00,4.247527,8.742000
2016-10-31 05:30:00,4.247527,8.693000
2016-10-31 05:45:00,4.247527,8.668000
2016-10-31 06:00:00,4.247527,8.643000
2016-10-31 06:15:00,4.247527,8.593000
2016-10-31 06:30:00,4.304160,8.543000
2016-10-31 06:45:00,4.247527,8.519000
2016-10-31 07:00:00,4.247527,8.494000
2016-10-31 07:15:00,4.304160,8.444000
2016-10-31 07:30:00,4.304160,8.394000
2016-10-31 07:45:00,4.304160,8.369000
2016-10-31 08:00:00,4.304160,8.319000
2016-10-31 08:15:00,4.304160,8.295000
2016-10-31 08:30:00,4.304160,8.245000
2016-10-31 08:45:00,4.304160,8.220000
2016-10-31 09:00:00,4.304160,8.170000
2016-10-31 09:15:00,4.304160,8.145000
2016-10-31 09:30:00,4.304160,8.095000
2016-10-31 09:45:00,4.389111,8.070000
2016-10-31 10:00:00,4.304160,8.070000
2016-10-31 10:15:00,4.304160,8.045000
2016-10-31 10:30:00,4.304160,8.020000
2016-10-31 10:45:00,4.304160,7.995000
2016-10-31 11:00:00,4.304160,7.995000
2016-10-31 11:15:00,4.304160,7.995000
2016-10-31 11:30:00,4.304160,7.995000
2016-10-31 11:45:00,4.304160,7.995000
2016-10-31 12:00:00,4.304160,7.995000
2016-10-31 12:15:00,4.304160,8.020000
2016-10-31 12:30:00,4.304160,7.995000
2016-10-31 12:45:00,4.247527,7.995000
2016-10-31 13:00:00,4.247527,8.020000
2016-10-31 13:15:00,4.304160,8.045000
2016-10-31 13:30:00,4.247527,8.095000
2016-10-31 13:45:00,4.247527,8.145000
2016-10-31 14:00:00,4.247527,8.145000
2016-10-31 14:15:00,4.247527,8.120000
2016-10-31 14:30:00,4.304160,8.145000
2016-10-31 14:45:00,4.304160,8.170000
2016-10-31 15:00:00,4.247527,8.195000
2016-10-31 15:15:00,4.304160,8.245000
2016-10-31 15:30:00,4.304160,8.270000
2016-10-31 15:45:00,4.304160,8.295000
2016-10-31 16:00:00,4.304160,8.270000
2016-10-31 16:15:00,4.304160,8.270000
2016-10-31 16:30:00,4.304160,8.295000
2016-10-31 16:45:00,4.304160,8.295000
2016-10-31 17:00:00,4.389111,8.319000
2016-10-31 17:15:00,4.304160,8.344000
2016-10-31 17:30:00,4.304160,8.344000
2016-10-31 17:45:00,4.445744,8.344000
2016-10-31 18:00:00,4.389111,8.369000
2016-10-31 18:15:00,4.389111,8.369000
2016-10-31 18:30:00,4.445744,8.369000
2016-10-31 18:45:00,4.445744,8.344000
2016-10-31 19:00:00,4.445744,8.319000
2016-10-31 19:15:00,4.445744,8.270000
2016-10-31 19:30:00,4.445744,8.245000
2016-10-31 19:45:00,4.445744,8.195000
2016-10-31 20:00:00,4.445744,8.145000
2016-10-31 20:15:00,4.445744,8.070000
2016-10-31 20:30:00,4.304160,8.045000
2016-10-31 20:45:00,4.389111,7.995000
2016-10-31 21:00:00,4.445744,7.945000
2016-10-31 21:15:00,4.445744,7.895000
2016-10-31 21:30:00,4.304160,7.845000
2016-10-31 21:45:00,4.389111,7.820000
2016-10-31 22:00:00,4.389111,7.770000
2016-10-31 22:15:00,4.389111,7.720000
2016-10-31 22:30:00,4.304160,7.670000
2016-10-31 22:45:00,4.389111,7.645000
2016-10-31 23:00:00,4.304160,7.594000
2016-10-31 23:15:00,4.304160,7.544000
2016-10-31 23:30:00,4.389111,7.494000
2016-10-31 23:45:00,4.389111,7.469000
2016-11-01 00:00:00,4.304160,7.419000
2016-11-01 00:15:00,4.445744,7.393000
2016-11-01 00:30:00,4.304160,7.368000
2016-11-01 00:45:00,4.389111,7.318000
2016-11-01 01:00:00,4.445744,7.268000
2016-11-01 01:15:00,4.389111,7.242000
2016-11-01 01:30:00,4.389111,7.192000
2016-11-01 01:45:00,4.445744,7.167000
2016-11-01 02:00:00,4.304160,7.116000
2016-11-01 02:15:00,4.445744,7.091000
2016-11-01 02:30:00,4.389111,7.041000
2016-11-01 02:45:00,4.389111,7.015000
2016-11-01 03:00:00,4.389111,6.965000
2016-11-01 03:15:00,4.389111,6.940000
2016-11-01 03:30:00,4.389111,6.914000
2016-11-01 03:45:00,4.304160,6.889000
2016-11-01 04:00:00,4.389111,6.864000
2016-11-01 04:15:00,4.389111,6.839000
2016-11-01 04:30:00,4.389111,6.813000
2016-11-01 04:45:00,4.445744,6.788000
2016-11-01 05:00:00,4.304160,6.737000
2016-11-01 05:15:00,4.389111,6.712000
2016-11-01 05:30:00,4.389111,6.687000
2016-11-01 05:45:00,4.445744,6.661000
2016-11-01 06:00:00,4.389111,6.636000
2016-11-01 06:15:00,4.445744,6.611000
2016-11-01 06:30:00,4.445744,6.585000
2016-11-01 06:45:00,4.445744,6.585000
2016-11-01 07:00:00,4.445744,6.560000
2016-11-01 07:15:00,4.389111,6.535000
2016-11-01 07:30:00,4.445744,6.535000
2016-11-01 07:45:00,4.445744,6.484000
2016-11-01 08:00:00,4.445744,6.509000
2016-11-01 08:15:00,4.445744,6.484000
2016-11-01 08:30:00,4.389111,6.484000
2016-11-01 08:45:00,4.445744,6.484000
2016-11-01 09:00:00,4.445744,6.484000
2016-11-01 09:15:00,4.389111,6.484000
2016-11-01 09:30:00,4.389111,6.484000
2016-11-01 09:45:00,4.445744,6.458000
2016-11-01 10:00:00,4.445744,6.458000
2016-11-01 10:15:00,4.304160,6.433000
2016-11-01 10:30:00,4.445744,6.458000
2016-11-01 10:45:00,4.389111,6.458000
2016-11-01 11:00:00,4.304160,6.458000
2016-11-01 11:15:00,4.389111,6.458000
2016-11-01 11:30:00,4.304160,6.484000
2016-11-01 11:45:00,4.304160,6.509000
2016-11-01 12:00:00,4.304160,6.509000
2016-11-01 12:15:00,4.304160,6.535000
2016-11-01 12:30:00,4.304160,6.535000
2016-11-01 12:45:00,4.247527,6.560000
2016-11-01 13:00:00,4.304160,6.585000
2016-11-01 13:15:00,4.304160,6.636000
2016-11-01 13:30:00,4.304160,6.661000
2016-11-01 13:45:00,4.304160,6.712000
2016-11-01 14:00:00,4.304160,6.763000
2016-11-01 14:15:00,4.304160,6.788000
2016-11-01 14:30:00,4.304160,6.839000
2016-11-01 14:45:00,4.304160,6.864000
2016-11-01 15:00:00,4.445744,6.914000
2016-11-01 15:15:00,4.389111,6.940000
2016-11-01 15:30:00,4.304160,7.015000
2016-11-01 15:45:00,4.389111,7.066000
2016-11-01 16:00:00,4.389111,7.116000
2016-11-01 16:15:00,4.389111,7.192000
2016-11-01 16:30:00,4.445744,7.192000
2016-11-01 16:45:00,4.389111,7.242000
2016-11-01 17:00:00,4.445744,7.268000
2016-11-01 17:15:00,4.445744,7.293000
2016-11-01 17:30:00,4.445744,7.318000
2016-11-01 17:45:00,4.445744,7.343000
2016-11-01 18:00:00,4.445744,7.343000
2016-11-01 18:15:00,4.445744,7.343000
2016-11-01 18:30:00,4.304160,7.368000
2016-11-01 18:45:00,4.445744,7.368000
2016-11-01 19:00:00,4.389111,7.368000
2016-11-01 19:15:00,4.389111,7.343000
2016-11-01 19:30:00,4.389111,7.343000
2016-11-01 19:45:00,4.389111,7.318000
2016-11-01 20:00:00,4.304160,7.293000
2016-11-01 20:15:00,4.389111,7.268000
2016-11-01 20:30:00,4.389111,7.242000
2016-11-01 20:45:00,4.304160,7.192000
2016-11-01 21:00:00,4.389111,7.167000
2016-11-01 21:15:00,4.389111,7.142000
2016-11-01 21:30:00,4.304160,7.091000
2016-11-01 21:45:00,4.389111,7.041000
2016-11-01 22:00:00,4.389111,7.015000
2016-11-01 22:15:00,4.304160,6.990000
2016-11-01 22:30:00,4.389111,6.965000
2016-11-01 22:45:00,4.389111,6.940000
2016-11-01 23:00:00,4.304160,6.889000
2016-11-01 23:15:00,4.389111,6.889000
2016-11-01 23:30:00,4.304160,6.839000
2016-11-01 23:45:00,4.304160,6.813000
2016-11-02 00:00:00,4.304160,6.763000
2016-11-02 00:15:00,4.304160,6.737000
2016-11-02 00:30:00,4.304160,6.737000
2016-11-02 00:45:00,4.304160,6.687000
2016-11-02 01:00:00,4.304160,6.661000
2016-11-02 01:15:00,4.304160,6.636000
2016-11-02 01:30:00,4.304160,6.585000
2016-11-02 01:45:00,4.247527,6.585000
2016-11-02 02:00:00,4.247527,6.535000
2016-11-02 02:15:00,4.304160,6.509000
2016-11-02 02:30:00,4.304160,6.484000
2016-11-02 02:45:00,4.304160,6.458000
2016-11-02 03:00:00,4.304160,6.433000
2016-11-02 03:15:00,4.304160,6.408000
2016-11-02 03:30:00,4.304160,6.382000
2016-11-02 03:45:00,4.304160,6.331000
2016-11-02 04:00:00,4.304160,6.331000
2016-11-02 04:15:00,4.304160,6.281000
2016-11-02 04:30:00,4.304160,6.255000
2016-11-02 04:45:00,4.389111,6.230000
2016-11-02 05:00:00,4.304160,6.204000
2016-11-02 05:15:00,4.304160,6.179000
2016-11-02 05:30:00,4.304160,6.179000
2016-11-02 05:45:00,4.304160,6.128000
2016-11-02 06:00:00,4.304160,6.102000
2016-11-02 06:15:00,4.389111,6.077000
2016-11-02 06:30:00,4.304160,6.077000
2016-11-02 06:45:00,4.304160,6.026000
2016-11-02 07:00:00,4.304160,6.000000
2016-11-02 07:15:00,4.304160,5.975000
2016-11-02 07:30:00,4.389111,5.949000
2016-11-02 07:45:00,4.304160,5.924000
2016-11-02 08:00:00,4.389111,5.898000
2016-11-02 08:15:00,4.304160,5.872000
2016-11-02 08:30:00,4.445744,5.847000
2016-11-02 08:45:00,4.304160,5.821000
2016-11-02 09:00:00,4.304160,5.796000
2016-11-02 09:15:00,4.304160,5.770000
2016-11-02 09:30:00,4.304160,5.745000
2016-11-02 09:45:00,4.304160,5.719000
2016-11-02 10:00:00,4.304160,5.693000
2016-11-02 10:15:00,4.304160,5.668000
2016-11-02 10:30:00,4.304160,5.642000
2016-11-02 10:45:00,4.304160,5.642000
2016-11-02 11:00:00,4.304160,5.616000
2016-11-02 11:15:00,4.304160,5.616000
2016-11-02 11:30:00,4.304160,5.616000
2016-11-02 11:45:00,4.304160,5.616000
2016-11-02 12:00:00,4.304160,5.616000
2016-11-02 12:15:00,4.304160,5.668000
2016-11-02 12:30:00,4.304160,5.693000
2016-11-02 12:45:00,4.304160,5.719000
2016-11-02 13:00:00,4.304160,5.719000
2016-11-02 13:15:00,4.304160,5.745000
2016-11-02 13:30:00,4.304160,5.770000
2016-11-02 13:45:00,4.304160,5.821000
2016-11-02 14:00:00,4.304160,5.847000
2016-11-02 14:15:00,4.304160,5.898000
2016-11-02 14:30:00,4.304160,5.949000
2016-11-02 14:45:00,4.304160,6.026000
2016-11-02 15:00:00,4.304160,6.077000
2016-11-02 15:15:00,4.304160,6.128000
2016-11-02 15:30:00,4.247527,6.179000
2016-11-02 15:45:00,4.247527,6.230000
2016-11-02 16:00:00,4.247527,6.306000
2016-11-02 16:15:00,4.247527,6.357000
2016-11-02 16:30:00,4.247527,6.408000
2016-11-02 16:45:00,4.247527,6.433000
2016-11-02 17:00:00,4.247527,6.484000
2016-11-02 17:15:00,4.247527,6.509000
2016-11-02 17:30:00,4.247527,6.535000
2016-11-02 17:45:00,4.247527,6.560000
2016-11-02 18:00:00,4.247527,6.585000
2016-11-02 18:15:00,4.247527,6.611000
2016-11-02 18:30:00,4.247527,6.611000
2016-11-02 18:45:00,4.190893,6.636000
2016-11-02 19:00:00,4.247527,6.636000
2016-11-02 19:15:00,4.247527,6.636000
2016-11-02 19:30:00,4.190893,6.636000
2016-11-02 19:45:00,4.247527,6.636000
2016-11-02 20:00:00,4.247527,6.611000
2016-11-02 20:15:00,4.304160,6.585000
2016-11-02 20:30:00,4.247527,6.535000
2016-11-02 20:45:00,4.190893,6.509000
2016-11-02 21:00:00,4.247527,6.484000
2016-11-02 21:15:00,4.247527,6.433000
2016-11-02 21:30:00,4.247527,6.433000
2016-11-02 21:45:00,4.247527,6.382000
2016-11-02 22:00:00,4.247527,6.357000
2016-11-02 22:15:00,4.190893,6.331000
2016-11-02 22:30:00,4.247527,6.306000
2016-11-02 22:45:00,4.190893,6.281000
2016-11-02 23:00:00,4.190893,6.230000
2016-11-02 23:15:00,4.247527,6.230000
2016-11-02 23:30:00,4.190893,6.204000
2016-11-02 23:45:00,4.247527,6.179000
2016-11-03 00:00:00,4.190893,6.153000
2016-11-03 00:15:00,4.190893,6.128000
2016-11-03 00:30:00,4.247527,6.102000
2016-11-03 00:45:00,4.190893,6.077000
2016-11-03 01:00:00,4.247527,6.077000
2016-11-03 01:15:00,3.596239,6.051000
2016-11-03 01:30:00,3.737823,6.051000
2016-11-03 01:45:00,3.992675,6.051000
2016-11-03 02:00:00,4.049309,6.026000
2016-11-03 02:15:00,4.190893,5.975000
2016-11-03 02:30:00,3.851091,5.924000
2016-11-03 02:45:00,4.049309,5.924000
2016-11-03 03:00:00,4.190893,5.898000
2016-11-03 03:15:00,3.907724,5.847000
2016-11-03 03:30:00,4.190893,5.821000
2016-11-03 03:45:00,4.190893,5.821000
2016-11-03 04:00:00,4.190893,5.770000
2016-11-03 04:15:00,4.247527,5.745000
2016-11-03 04:30:00,4.190893,5.719000
2016-11-03 04:45:00,4.247527,5.719000
2016-11-03 05:00:00,4.190893,5.693000
2016-11-03 05:15:00,4.190893,5.693000
2016-11-03 05:30:00,4.190893,5.668000
2016-11-03 05:45:00,4.190893,5.668000
2016-11-03 06:00:00,4.190893,5.642000
2016-11-03 06:15:00,4.190893,5.642000
2016-11-03 06:30:00,4.190893,5.616000
2016-11-03 06:45:00,4.190893,5.616000
2016-11-03 07:00:00,4.190893,5.616000
2016-11-03 07:15:00,4.190893,5.591000
2016-11-03 07:30:00,4.190893,5.591000
2016-11-03 07:45:00,4.190893,5.565000
2016-11-03 08:00:00,4.247527,5.539000
2016-11-03 08:15:00,4.190893,5.514000
2016-11-03 08:30:00,4.190893,5.514000
2016-11-03 08:45:00,4.190893,5.514000
2016-11-03 09:00:00,4.190893,5.488000
2016-11-03 09:15:00,4.247527,5.462000
2016-11-03 09:30:00,4.190893,5.462000
2016-11-03 09:45:00,4.190893,5.437000
2016-11-03 10:00:00,4.190893,5.437000
2016-11-03 10:15:00,4.190893,5.411000
2016-11-03 10:30:00,4.190893,5.411000
2016-11-03 10:45:00,4.190893,5.411000
2016-11-03 11:00:00,4.190893,5.411000
2016-11-03 11:15:00,4.247527,5.411000
2016-11-03 11:30:00,4.190893,5.411000
2016-11-03 11:45:00,4.190893,5.411000
2016-11-03 12:00:00,4.190893,5.437000
2016-11-03 12:15:00,4.247527,5.462000
2016-11-03 12:30:00,4.190893,5.488000
2016-11-03 12:45:00,4.190893,5.514000
2016-11-03 13:00:00,4.190893,5.565000
2016-11-03 13:15:00,3.737823,5.565000
2016-11-03 13:30:00,3.539605,5.616000
2016-11-03 13:45:00,3.794457,5.719000
2016-11-03 14:00:00,3.907724,5.719000
2016-11-03 14:15:00,4.190893,5.719000
2016-11-03 14:30:00,3.992675,5.719000
2016-11-03 14:45:00,3.992675,5.796000
2016-11-03 15:00:00,3.907724,5.872000
2016-11-03 15:15:00,3.907724,5.924000
2016-11-03 15:30:00,3.907724,5.949000
2016-11-03 15:45:00,3.992675,6.000000
2016-11-03 16:00:00,3.992675,6.051000
2016-11-03 16:15:00,4.049309,6.077000
2016-11-03 16:30:00,3.907724,6.128000
2016-11-03 16:45:00,3.992675,6.179000
2016-11-03 17:00:00,3.992675,6.230000
2016-11-03 17:15:00,3.907724,6.281000
2016-11-03 17:30:00,3.907724,6.331000
2016-11-03 17:45:00,3.992675,6.357000
2016-11-03 18:00:00,4.049309,6.382000
2016-11-03 18:15:00,3.907724,6.408000
2016-11-03 18:30:00,3.992675,6.433000
2016-11-03 18:45:00,3.992675,6.433000
2016-11-03 19:00:00,4.049309,6.458000
2016-11-03 19:15:00,4.247527,6.458000
2016-11-03 19:30:00,4.105942,6.484000
2016-11-03 19:45:00,4.190893,6.484000
2016-11-03 20:00:00,4.247527,6.458000
2016-11-03 20:15:00,4.190893,6.433000
2016-11-03 20:30:00,4.247527,6.433000
2016-11-03 20:45:00,4.247527,6.382000
2016-11-03 21:00:00,4.247527,6.331000
2016-11-03 21:15:00,4.105942,6.306000
2016-11-03 21:30:00,4.304160,6.281000
2016-11-03 21:45:00,4.190893,6.230000
2016-11-03 22:00:00,4.190893,6.204000
2016-11-03 22:15:00,4.247527,6.179000
2016-11-03 22:30:00,3.907724,6.153000
2016-11-03 22:45:00,4.190893,6.153000
2016-11-03 23:00:00,3.907724,6.102000
2016-11-03 23:15:00,3.992675,6.102000
2016-11-03 23:30:00,4.049309,6.077000
2016-11-03 23:45:00,3.907724,6.051000
2016-11-04 00:00:00,3.907724,6.051000
2016-11-04 00:15:00,3.907724,6.026000
2016-11-04 00:30:00,3.907724,6.026000
2016-11-04 00:45:00,3.992675,5.975000
2016-11-04 01:00:00,3.992675,5.949000
2016-11-04 01:15:00,3.992675,5.924000
2016-11-04 01:30:00,4.049309,5.924000
2016-11-04 01:45:00,4.105942,5.898000
2016-11-04 02:00:00,4.190893,5.872000
2016-11-04 02:15:00,4.247527,5.821000
2016-11-04 02:30:00,3.992675,5.796000
2016-11-04 02:45:00,4.389111,5.770000
2016-11-04 03:00:00,3.851091,5.719000
2016-11-04 03:15:00,4.304160,5.719000
2016-11-04 03:30:00,4.105942,5.693000
2016-11-04 03:45:00,4.190893,5.668000
2016-11-04 04:00:00,4.190893,5.668000
2016-11-04 04:15:00,4.049309,5.642000
2016-11-04 04:30:00,4.190893,5.668000
2016-11-04 04:45:00,4.105942,5.642000
2016-11-04 05:00:00,4.190893,5.616000
2016-11-04 05:15:00,4.190893,5.616000
2016-11-04 05:30:00,4.049309,5.616000
2016-11-04 05:45:00,4.190893,5.616000
2016-11-04 06:00:00,4.190893,5.616000
2016-11-04 06:15:00,4.105942,5.591000
2016-11-04 06:30:00,4.105942,5.591000
2016-11-04 06:45:00,4.190893,5.591000
2016-11-04 07:00:00,4.105942,5.565000
2016-11-04 07:15:00,4.190893,5.565000
2016-11-04 07:30:00,4.049309,5.539000
2016-11-04 07:45:00,4.049309,5.539000
2016-11-04 08:00:00,4.190893,5.539000
2016-11-04 08:15:00,4.190893,5.514000
2016-11-04 08:30:00,4.049309,5.488000
2016-11-04 08:45:00,4.049309,5.488000
2016-11-04 09:00:00,4.049309,5.488000
2016-11-04 09:15:00,4.049309,5.488000
2016-11-04 09:30:00,3.992675,5.462000
2016-11-04 09:45:00,4.049309,5.462000
2016-11-04 10:00:00,4.304160,5.462000
2016-11-04 10:15:00,4.105942,5.462000
2016-11-04 10:30:00,3.907724,5.437000
2016-11-04 10:45:00,3.652873,5.462000
2016-11-04 11:00:00,3.737823,5.488000
2016-11-04 11:15:00,3.794457,5.488000
2016-11-04 11:30:00,3.907724,5.488000
2016-11-04 11:45:00,3.907724,5.514000
2016-11-04 12:00:00,3.794457,5.514000
2016-11-04 12:15:00,3.851091,5.565000
2016-11-04 12:30:00,3.851091,5.616000
2016-11-04 12:45:00,3.851091,5.616000
2016-11-04 13:00:00,3.907724,5.642000
2016-11-04 13:15:00,3.907724,5.642000
2016-11-04 13:30:00,3.907724,5.668000
2016-11-04 13:45:00,3.907724,5.719000
2016-11-04 14:00:00,3.851091,5.745000
2016-11-04 14:15:00,3.851091,5.770000
2016-11-04 14:30:00,3.851091,5.796000
2016-11-04 14:45:00,3.851091,5.847000
2016-11-04 15:00:00,3.907724,5.924000
2016-11-04 15:15:00,3.907724,5.975000
2016-11-04 15:30:00,3.992675,6.051000
2016-11-04 15:45:00,3.992675,6.102000
2016-11-04 16:00:00,4.049309,6.179000
2016-11-04 16:15:00,4.190893,6.230000
2016-11-04 16:30:00,4.105942,6.281000
2016-11-04 16:45:00,4.049309,6.331000
2016-11-04 17:00:00,4.190893,6.408000
2016-11-04 17:15:00,4.049309,6.433000
2016-11-04 17:30:00,4.105942,6.509000
2016-11-04 17:45:00,4.105942,6.535000
2016-11-04 18:00:00,4.190893,6.560000
2016-11-04 18:15:00,4.049309,6.585000
2016-11-04 18:30:00,4.190893,6.636000
2016-11-04 18:45:00,4.105942,6.661000
2016-11-04 19:00:00,4.105942,6.687000
2016-11-04 19:15:00,4.105942,6.712000
2016-11-04 19:30:00,4.105942,6.737000
2016-11-04 19:45:00,4.105942,6.712000
2016-11-04 20:00:00,4.190893,6.712000
2016-11-04 20:15:00,4.105942,6.687000
2016-11-04 20:30:00,4.049309,6.661000
2016-11-04 20:45:00,4.190893,6.636000
2016-11-04 21:00:00,3.851091,6.585000
2016-11-04 21:15:00,3.992675,6.585000
2016-11-04 21:30:00,3.992675,6.535000
2016-11-04 21:45:00,3.907724,6.509000
2016-11-04 22:00:00,3.851091,6.484000
2016-11-04 22:15:00,3.851091,6.484000
2016-11-04 22:30:00,3.794457,6.458000
2016-11-04 22:45:00,3.794457,6.458000
2016-11-04 23:00:00,3.851091,6.433000
2016-11-04 23:15:00,3.794457,6.433000
2016-11-04 23:30:00,3.794457,6.408000
2016-11-04 23:45:00,3.794457,6.382000
2016-11-05 00:00:00,3.851091,6.382000
2016-11-05 00:15:00,3.794457,6.357000
2016-11-05 00:30:00,3.794457,6.357000
2016-11-05 00:45:00,3.851091,6.331000
2016-11-05 01:00:00,3.907724,6.306000
2016-11-05 01:15:00,3.907724,6.281000
2016-11-05 01:30:00,3.907724,6.255000
2016-11-05 01:45:00,3.992675,6.255000
2016-11-05 02:00:00,4.049309,6.230000
2016-11-05 02:15:00,4.105942,6.204000
2016-11-05 02:30:00,4.049309,6.179000
2016-11-05 02:45:00,4.049309,6.153000
2016-11-05 03:00:00,4.049309,6.128000
2016-11-05 03:15:00,4.049309,6.102000
2016-11-05 03:30:00,4.049309,6.102000
2016-11-05 03:45:00,4.049309,6.077000
2016-11-05 04:00:00,4.049309,6.051000
2016-11-05 04:15:00,4.190893,6.051000
2016-11-05 04:30:00,3.992675,6.026000
2016-11-05 04:45:00,4.049309,6.026000
2016-11-05 05:00:00,4.049309,6.026000
2016-11-05 05:15:00,4.190893,6.026000
2016-11-05 05:30:00,3.907724,6.026000
2016-11-05 05:45:00,4.190893,6.026000
2016-11-05 06:00:00,4.049309,6.026000
2016-11-05 06:15:00,3.907724,6.000000
2016-11-05 06:30:00,4.049309,6.000000
2016-11-05 06:45:00,3.992675,6.000000
2016-11-05 07:00:00,4.190893,5.975000
2016-11-05 07:15:00,4.049309,5.975000
2016-11-05 07:30:00,3.907724,5.949000
2016-11-05 07:45:00,4.049309,5.949000
2016-11-05 08:00:00,4.190893,5.924000
2016-11-05 08:15:00,3.907724,5.924000
2016-11-05 08:30:00,4.049309,5.898000
2016-11-05 08:45:00,4.190893,5.898000
2016-11-05 09:00:00,3.907724,5.872000
2016-11-05 09:15:00,4.049309,5.872000
2016-11-05 09:30:00,4.190893,5.872000
2016-11-05 09:45:00,4.049309,5.847000
2016-11-05 10:00:00,4.049309,5.847000
2016-11-05 10:15:00,4.049309,5.847000
2016-11-05 10:30:00,4.049309,5.847000
2016-11-05 10:45:00,3.992675,5.847000
2016-11-05 11:00:00,3.907724,5.847000
2016-11-05 11:15:00,3.907724,5.847000
2016-11-05 11:30:00,3.851091,5.847000
2016-11-05 11:45:00,3.794457,5.847000
2016-11-05 12:00:00,3.794457,5.872000
2016-11-05 12:15:00,3.794457,5.924000
2016-11-05 12:30:00,3.794457,5.949000
2016-11-05 12:45:00,3.794457,6.000000
2016-11-05 13:00:00,3.794457,6.026000
2016-11-05 13:15:00,3.907724,6.026000
2016-11-05 13:30:00,3.907724,6.051000
2016-11-05 13:45:00,3.992675,6.051000
2016-11-05 14:00:00,3.907724,6.077000
2016-11-05 14:15:00,3.907724,6.102000
2016-11-05 14:30:00,3.907724,6.153000
2016-11-05 14:45:00,3.992675,6.204000
2016-11-05 15:00:00,3.907724,6.255000
2016-11-05 15:15:00,3.907724,6.306000
2016-11-05 15:30:00,3.851091,6.357000
2016-11-05 15:45:00,3.794457,6.433000
2016-11-05 16:00:00,3.851091,6.458000
2016-11-05 16:15:00,3.794457,6.484000
2016-11-05 16:30:00,3.907724,6.535000
2016-11-05 16:45:00,3.907724,6.585000
2016-11-05 17:00:00,3.907724,6.636000
2016-11-05 17:15:00,3.907724,6.687000
2016-11-05 17:30:00,3.907724,6.737000
2016-11-05 17:45:00,3.907724,6.763000
2016-11-05 18:00:00,3.907724,6.788000
2016-11-05 18:15:00,3.907724,6.839000
2016-11-05 18:30:00,3.907724,6.839000
2016-11-05 18:45:00,3.907724,6.864000
2016-11-05 19:00:00,3.794457,6.889000
2016-11-05 19:15:00,3.851091,6.914000
2016-11-05 19:30:00,3.737823,6.940000
2016-11-05 19:45:00,3.794457,6.940000
2016-11-05 20:00:00,3.737823,6.940000
2016-11-05 20:15:00,3.794457,6.914000
2016-11-05 20:30:00,3.794457,6.889000
2016-11-05 20:45:00,3.794457,6.864000
2016-11-05 21:00:00,3.794457,6.839000
2016-11-05 21:15:00,3.794457,6.813000
2016-11-05 21:30:00,3.851091,6.788000
2016-11-05 21:45:00,3.794457,6.737000
2016-11-05 22:00:00,3.794457,6.712000
2016-11-05 22:15:00,3.851091,6.687000
2016-11-05 22:30:00,3.794457,6.661000
2016-11-05 22:45:00,3.851091,6.636000
2016-11-05 23:00:00,3.907724,6.611000
2016-11-05 23:15:00,3.907724,6.560000
2016-11-05 23:30:00,3.992675,6.535000
2016-11-05 23:45:00,4.105942,6.509000
2016-11-06 00:00:00,4.049309,6.484000
2016-11-06 00:15:00,3.907724,6.458000
2016-11-06 00:30:00,4.049309,6.458000
2016-11-06 00:45:00,3.992675,6.433000
2016-11-06 01:00:00,3.992675,6.433000
2016-11-06 01:15:00,4.049309,6.433000
2016-11-06 01:30:00,4.049309,6.382000
2016-11-06 01:45:00,4.049309,6.357000
2016-11-06 02:00:00,3.992675,6.357000
2016-11-06 02:15:00,3.992675,6.331000
2016-11-06 02:30:00,4.049309,6.331000
2016-11-06 02:45:00,4.049309,6.281000
2016-11-06 03:00:00,3.992675,6.281000
2016-11-06 03:15:00,4.049309,6.255000
2016-11-06 03:30:00,3.992675,6.255000
2016-11-06 03:45:00,3.992675,6.230000
2016-11-06 04:00:00,4.049309,6.230000
2016-11-06 04:15:00,4.049309,6.204000
2016-11-06 04:30:00,4.049309,6.204000
2016-11-06 04:45:00,3.992675,6.179000
2016-11-06 05:00:00,4.049309,6.179000
2016-11-06 05:15:00,3.992675,6.153000
2016-11-06 05:30:00,4.049309,6.153000
2016-11-06 05:45:00,3.992675,6.128000
2016-11-06 06:00:00,3.992675,6.128000
2016-11-06 06:15:00,4.247527,6.128000
2016-11-06 06:30:00,4.190893,6.102000
2016-11-06 06:45:00,4.190893,6.077000
2016-11-06 07:00:00,3.737823,6.077000
2016-11-06 07:15:00,3.907724,6.077000
2016-11-06 07:30:00,4.105942,6.077000
2016-11-06 07:45:00,4.105942,6.051000
2016-11-06 08:00:00,3.907724,6.026000
2016-11-06 08:15:00,3.992675,6.026000
2016-11-06 08:30:00,3.907724,6.026000
2016-11-06 08:45:00,3.907724,6.026000
2016-11-06 09:00:00,3.907724,6.000000
2016-11-06 09:15:00,3.907724,6.000000
2016-11-06 09:30:00,3.907724,5.975000
2016-11-06 09:45:00,3.907724,5.975000
2016-11-06 10:00:00,3.907724,5.975000
2016-11-06 10:15:00,4.049309,5.975000
2016-11-06 10:30:00,3.992675,5.975000
2016-11-06 10:45:00,3.992675,5.975000
2016-11-06 11:00:00,3.851091,6.000000
2016-11-06 11:15:00,3.907724,6.000000
2016-11-06 11:30:00,3.992675,6.000000
2016-11-06 11:45:00,3.851091,6.000000
2016-11-06 12:00:00,3.794457,6.026000
2016-11-06 12:15:00,3.794457,6.077000
2016-11-06 12:30:00,3.794457,6.102000
2016-11-06 12:45:00,3.652873,6.153000
2016-11-06 13:00:00,3.851091,6.179000
2016-11-06 13:15:00,3.794457,6.204000
2016-11-06 13:30:00,3.851091,6.230000
2016-11-06 13:45:00,3.907724,6.230000
2016-11-06 14:00:00,3.907724,6.255000
2016-11-06 14:15:00,3.992675,6.331000
2016-11-06 14:30:00,3.992675,6.357000
2016-11-06 14:45:00,4.049309,6.433000
2016-11-06 15:00:00,4.049309,6.458000
2016-11-06 15:15:00,3.992675,6.535000
2016-11-06 15:30:00,3.992675,6.585000
2016-11-06 15:45:00,3.907724,6.661000
2016-11-06 16:00:00,3.907724,6.687000
2016-11-06 16:15:00,3.794457,6.737000
2016-11-06 16:30:00,3.794457,6.788000
2016-11-06 16:45:00,3.794457,6.839000
2016-11-06 17:00:00,3.794457,6.889000
2016-11-06 17:15:00,3.652873,6.940000
2016-11-06 17:30:00,3.652873,6.990000
2016-11-06 17:45:00,3.652873,7.066000
2016-11-06 18:00:00,3.794457,7.091000
2016-11-06 18:15:00,3.907724,7.142000
2016-11-06 18:30:00,3.794457,7.167000
2016-11-06 18:45:00,3.794457,7.192000
2016-11-06 19:00:00,3.907724,7.217000
2016-11-06 19:15:00,3.907724,7.242000
2016-11-06 19:30:00,3.907724,7.242000
2016-11-06 19:45:00,3.907724,7.242000
2016-11-06 20:00:00,3.907724,7.242000
2016-11-06 20:15:00,3.992675,7.192000
2016-11-06 20:30:00,4.049309,7.192000
2016-11-06 20:45:00,3.907724,7.167000
2016-11-06 21:00:00,3.794457,7.142000
2016-11-06 21:15:00,3.907724,7.142000
2016-11-06 21:30:00,3.794457,7.091000
2016-11-06 21:45:00,3.794457,7.091000
2016-11-06 22:00:00,3.794457,7.066000
2016-11-06 22:15:00,3.794457,7.041000
2016-11-06 22:30:00,3.794457,7.015000
2016-11-06 22:45:00,3.794457,6.990000
2016-11-06 23:00:00,3.851091,6.965000
2016-11-06 23:15:00,3.907724,6.940000
2016-11-06 23:30:00,3.907724,6.940000
2016-11-06 23:45:00,3.907724,6.889000
2016-11-07 00:00:00,3.907724,6.889000
2016-11-07 00:15:00,3.851091,6.864000
2016-11-07 00:30:00,3.907724,6.839000
2016-11-07 00:45:00,3.907724,6.813000
2016-11-07 01:00:00,3.851091,6.788000
2016-11-07 01:15:00,3.794457,6.763000
2016-11-07 01:30:00,3.737823,6.737000
2016-11-07 01:45:00,3.652873,6.737000
2016-11-07 02:00:00,3.794457,6.712000
2016-11-07 02:15:00,3.737823,6.687000
2016-11-07 02:30:00,3.737823,6.661000
2016-11-07 02:45:00,3.794457,6.636000
2016-11-07 03:00:00,3.652873,6.611000
2016-11-07 03:15:00,3.794457,6.585000
2016-11-07 03:30:00,3.794457,6.560000
2016-11-07 03:45:00,3.907724,6.535000
2016-11-07 04:00:00,3.907724,6.509000
2016-11-07 04:15:00,3.907724,6.484000
2016-11-07 04:30:00,3.992675,6.458000
2016-11-07 04:45:00,3.992675,6.433000
2016-11-07 05:00:00,3.907724,6.408000
2016-11-07 05:15:00,3.992675,6.382000
2016-11-07 05:30:00,3.992675,6.357000
2016-11-07 05:45:00,3.907724,6.331000
2016-11-07 06:00:00,3.907724,6.331000
2016-11-07 06:15:00,3.907724,6.306000
2016-11-07 06:30:00,4.190893,6.281000
2016-11-07 06:45:00,3.992675,6.255000
2016-11-07 07:00:00,3.907724,6.255000
2016-11-07 07:15:00,3.907724,6.230000
2016-11-07 07:30:00,3.907724,6.230000
2016-11-07 07:45:00,3.907724,6.204000
2016-11-07 08:00:00,3.907724,6.179000
2016-11-07 08:15:00,3.907724,6.153000
2016-11-07 08:30:00,3.907724,6.153000
2016-11-07 08:45:00,3.907724,6.128000
2016-11-07 09:00:00,3.992675,6.128000
2016-11-07 09:15:00,3.907724,6.102000
2016-11-07 09:30:00,3.794457,6.077000
2016-11-07 09:45:00,3.737823,6.077000
2016-11-07 10:00:00,3.794457,6.077000
2016-11-07 10:15:00,3.737823,6.051000
2016-11-07 10:30:00,3.737823,6.051000
2016-11-07 10:45:00,3.737823,6.051000
2016-11-07 11:00:00,3.652873,6.051000
2016-11-07 11:15:00,3.652873,6.051000
2016-11-07 11:30:00,3.652873,6.051000
2016-11-07 11:45:00,3.652873,6.051000
2016-11-07 12:00:00,3.652873,6.077000
2016-11-07 12:15:00,3.652873,6.077000
2016-11-07 12:30:00,3.652873,6.128000
2016-11-07 12:45:00,3.652873,6.153000
2016-11-07 13:00:00,3.652873,6.179000
2016-11-07 13:15:00,3.652873,6.179000
2016-11-07 13:30:00,3.652873,6.204000
2016-11-07 13:45:00,3.652873,6.230000
2016-11-07 14:00:00,3.794457,6.230000
2016-11-07 14:15:00,3.652873,6.255000
2016-11-07 14:30:00,3.652873,6.281000
2016-11-07 14:45:00,3.737823,6.331000
2016-11-07 15:00:00,3.652873,6.357000
2016-11-07 15:15:00,3.652873,6.433000
2016-11-07 15:30:00,3.652873,6.458000
2016-11-07 15:45:00,3.652873,6.509000
2016-11-07 16:00:00,3.737823,6.560000
2016-11-07 16:15:00,3.596239,6.585000
2016-11-07 16:30:00,3.652873,6.611000
2016-11-07 16:45:00,3.652873,6.636000
2016-11-07 17:00:00,3.794457,6.687000
2016-11-07 17:15:00,3.907724,6.712000
2016-11-07 17:30:00,3.851091,6.737000
2016-11-07 17:45:00,3.907724,6.763000
2016-11-07 18:00:00,3.907724,6.813000
2016-11-07 18:15:00,3.907724,6.839000
2016-11-07 18:30:00,3.907724,6.864000
2016-11-07 18:45:00,3.907724,6.889000
2016-11-07 19:00:00,3.907724,6.914000
2016-11-07 19:15:00,3.907724,6.940000
2016-11-07 19:30:00,3.907724,6.940000
2016-11-07 19:45:00,3.907724,6.940000
2016-11-07 20:00:00,3.907724,6.940000
2016-11-07 20:15:00,3.907724,6.914000
2016-11-07 20:30:00,3.907724,6.914000
2016-11-07 20:45:00,3.907724,6.889000
2016-11-07 21:00:00,3.907724,6.864000
2016-11-07 21:15:00,3.794457,6.839000
2016-11-07 21:30:00,3.794457,6.788000
2016-11-07 21:45:00,3.737823,6.763000
2016-11-07 22:00:00,3.794457,6.737000
2016-11-07 22:15:00,3.794457,6.712000
2016-11-07 22:30:00,3.652873,6.687000
2016-11-07 22:45:00,3.652873,6.661000
2016-11-07 23:00:00,3.652873,6.636000
2016-11-07 23:15:00,3.652873,6.611000
2016-11-07 23:30:00,3.652873,6.585000
2016-11-07 23:45:00,3.652873,6.585000
2016-11-08 00:00:00,3.652873,6.560000
2016-11-08 00:15:00,3.539605,6.535000
2016-11-08 00:30:00,3.539605,6.509000
2016-11-08 00:45:00,3.652873,6.509000
2016-11-08 01:00:00,3.539605,6.484000
2016-11-08 01:15:00,3.652873,6.458000
2016-11-08 01:30:00,3.652873,6.458000
2016-11-08 01:45:00,3.652873,6.433000
2016-11-08 02:00:00,3.652873,6.433000
2016-11-08 02:15:00,3.652873,6.382000
2016-11-08 02:30:00,3.652873,6.382000
2016-11-08 02:45:00,3.652873,6.357000
2016-11-08 03:00:00,3.737823,6.331000
2016-11-08 03:15:00,3.794457,6.306000
2016-11-08 03:30:00,3.907724,6.281000
2016-11-08 03:45:00,3.907724,6.230000
2016-11-08 04:00:00,3.907724,6.230000
2016-11-08 04:15:00,3.851091,6.204000
2016-11-08 04:30:00,3.907724,6.179000
2016-11-08 04:45:00,3.851091,6.153000
2016-11-08 05:00:00,3.794457,6.153000
2016-11-08 05:15:00,3.851091,6.128000
2016-11-08 05:30:00,3.794457,6.128000
2016-11-08 05:45:00,3.851091,6.102000
2016-11-08 06:00:00,3.851091,6.102000
2016-11-08 06:15:00,3.907724,6.102000
2016-11-08 06:30:00,3.907724,6.077000
2016-11-08 06:45:00,3.907724,6.077000
2016-11-08 07:00:00,3.907724,6.077000
2016-11-08 07:15:00,3.851091,6.077000
2016-11-08 07:30:00,3.851091,6.051000
2016-11-08 07:45:00,3.851091,6.051000
2016-11-08 08:00:00,3.851091,6.026000
2016-11-08 08:15:00,3.851091,6.026000
2016-11-08 08:30:00,3.907724,6.026000
2016-11-08 08:45:00,3.851091,6.000000
2016-11-08 09:00:00,3.907724,5.975000
2016-11-08 09:15:00,3.794457,5.975000
2016-11-08 09:30:00,3.794457,5.975000
2016-11-08 09:45:00,3.851091,5.949000
2016-11-08 10:00:00,3.907724,5.949000
2016-11-08 10:15:00,3.851091,5.924000
2016-11-08 10:30:00,3.737823,5.949000
2016-11-08 10:45:00,3.652873,5.949000
2016-11-08 11:00:00,3.652873,5.949000
2016-11-08 11:15:00,3.652873,5.949000
2016-11-08 11:30:00,3.596239,5.949000
2016-11-08 11:45:00,3.596239,5.949000
2016-11-08 12:00:00,3.539605,5.975000
2016-11-08 12:15:00,3.482972,6.000000
2016-11-08 12:30:00,3.539605,6.051000
2016-11-08 12:45:00,3.539605,6.077000
2016-11-08 13:00:00,3.482972,6.102000
2016-11-08 13:15:00,3.652873,6.128000
2016-11-08 13:30:00,3.652873,6.128000
2016-11-08 13:45:00,3.596239,6.153000
2016-11-08 14:00:00,3.652873,6.179000
2016-11-08 14:15:00,3.539605,6.204000
2016-11-08 14:30:00,3.652873,6.230000
2016-11-08 14:45:00,3.539605,6.255000
2016-11-08 15:00:00,3.539605,6.306000
2016-11-08 15:15:00,3.652873,6.357000
2016-11-08 15:30:00,3.652873,6.382000
2016-11-08 15:45:00,3.652873,6.433000
2016-11-08 16:00:00,3.851091,6.484000
2016-11-08 16:15:00,3.851091,6.484000
2016-11-08 16:30:00,3.851091,6.535000
2016-11-08 16:45:00,3.851091,6.560000
2016-11-08 17:00:00,3.851091,6.585000
2016-11-08 17:15:00,3.907724,6.636000
2016-11-08 17:30:00,3.851091,6.661000
2016-11-08 17:45:00,3.851091,6.687000
2016-11-08 18:00:00,3.851091,6.737000
2016-11-08 18:15:00,3.851091,6.763000
2016-11-08 18:30:00,3.851091,6.788000
2016-11-08 18:45:00,3.907724,6.839000
2016-11-08 19:00:00,3.851091,6.864000
2016-11-08 19:15:00,3.851091,6.889000
2016-11-08 19:30:00,3.907724,6.889000
2016-11-08 19:45:00,3.851091,6.914000
2016-11-08 20:00:00,3.851091,6.914000
2016-11-08 20:15:00,3.851091,6.914000
2016-11-08 20:30:00,3.652873,6.889000
2016-11-08 20:45:00,3.652873,6.889000
2016-11-08 21:00:00,3.737823,6.864000
2016-11-08 21:15:00,3.596239,6.839000
2016-11-08 21:30:00,3.539605,6.813000
2016-11-08 21:45:00,3.539605,6.788000
2016-11-08 22:00:00,3.539605,6.763000
2016-11-08 22:15:00,3.539605,6.737000
2016-11-08 22:30:00,3.539605,6.712000
2016-11-08 22:45:00,3.539605,6.687000
2016-11-08 23:00:00,3.596239,6.661000
2016-11-08 23:15:00,3.596239,6.636000
2016-11-08 23:30:00,3.539605,6.611000
2016-11-08 23:45:00,3.652873,6.585000
2016-11-09 00:00:00,3.596239,6.585000
2016-11-09 00:15:00,3.652873,6.560000
2016-11-09 00:30:00,3.596239,6.535000
2016-11-09 00:45:00,3.596239,6.535000
2016-11-09 01:00:00,3.596239,6.509000
2016-11-09 01:15:00,3.596239,6.484000
2016-11-09 01:30:00,3.539605,6.458000
2016-11-09 01:45:00,3.539605,6.458000
2016-11-09 02:00:00,3.596239,6.433000
2016-11-09 02:15:00,3.596239,6.433000
2016-11-09 02:30:00,3.596239,6.408000
2016-11-09 02:45:00,3.794457,6.382000
2016-11-09 03:00:00,3.737823,6.357000
2016-11-09 03:15:00,3.794457,6.331000
2016-11-09 03:30:00,3.794457,6.306000
2016-11-09 03:45:00,3.851091,6.281000
2016-11-09 04:00:00,3.794457,6.255000
2016-11-09 04:15:00,3.794457,6.255000
2016-11-09 04:30:00,3.794457,6.230000
2016-11-09 04:45:00,3.851091,6.230000
2016-11-09 05:00:00,3.851091,6.204000
2016-11-09 05:15:00,3.794457,6.179000
2016-11-09 05:30:00,3.794457,6.179000
2016-11-09 05:45:00,3.851091,6.179000
2016-11-09 06:00:00,3.851091,6.153000
2016-11-09 06:15:00,3.851091,6.153000
2016-11-09 06:30:00,3.851091,6.153000
2016-11-09 06:45:00,3.794457,6.128000
2016-11-09 07:00:00,3.794457,6.128000
2016-11-09 07:15:00,3.794457,6.128000
2016-11-09 07:30:00,3.851091,6.128000
2016-11-09 07:45:00,3.794457,6.102000
2016-11-09 08:00:00,3.794457,6.102000
2016-11-09 08:15:00,3.794457,6.102000
2016-11-09 08:30:00,3.794457,6.077000
2016-11-09 08:45:00,3.851091,6.077000
2016-11-09 09:00:00,3.794457,6.051000
2016-11-09 09:15:00,3.851091,6.051000
2016-11-09 09:30:00,3.794457,6.026000
2016-11-09 09:45:00,3.737823,6.026000
2016-11-09 10:00:00,3.737823,6.026000
2016-11-09 10:15:00,3.652873,6.026000
2016-11-09 10:30:00,3.652873,6.026000
2016-11-09 10:45:00,3.596239,6.026000
2016-11-09 11:00:00,3.539605,6.026000
2016-11-09 11:15:00,3.539605,6.026000
2016-11-09 11:30:00,3.539605,6.026000
2016-11-09 11:45:00,3.539605,6.026000
2016-11-09 12:00:00,3.482972,6.026000
