LocalDateTime (MST),Air Temperature (Â°C ),Relative Humidity (%),Shortwave Solar Radiation (W/m2),Wind Speed (m/s)
10/25/19 15:15,13.54,26.35,364.6,0.755
10/25/19 15:30,13.57,26.04,326.3,0.731
10/25/19 15:45,13.54,24.87,285.2,0.46
10/25/19 16:00,13.59,25.42,246.5,1.089
10/25/19 16:15,13.6,26.61,206.6,0.748
10/25/19 16:30,13.38,25.88,167.2,0.695
10/25/19 16:45,13.02,28.82,127.7,0.665
10/25/19 17:00,12.46,32.77,87.4,0.551
10/25/19 17:15,10.94,37.43,15.77,0.127
10/25/19 17:30,9.61,43.62,8.69,0.019
10/25/19 17:45,8.84,40.63,3.303,0.301
10/25/19 18:00,8.52,42.33,0.48,0.268
10/25/19 18:15,7.062,54.51,0,0.156
10/25/19 18:30,6.073,52.71,0,0.224
10/25/19 18:45,5.605,59.91,0,0.264
10/25/19 19:00,5.268,63.01,0,0.088
10/25/19 19:15,4.431,67.23,0,0.039
10/25/19 19:30,4.218,65.28,0,0.15
10/25/19 19:45,3.581,71.81,0,0.031
10/25/19 20:00,3.711,66.57,0,0.053
10/25/19 20:15,4.14,67.57,0,0.319
10/25/19 20:30,3.605,69.76,0,0.233
10/25/19 20:45,3.12,68.16,0,0.12
10/25/19 21:00,2.95,67.61,0,0.006
10/25/19 21:15,2.489,76.18,0,0.271
10/25/19 21:30,1.853,78.34,0,0.184
10/25/19 21:45,2.053,77.27,0.001,0.148
10/25/19 22:00,1.942,78.42,0.001,0.111
10/25/19 22:15,1.912,76.39,0.001,0.315
10/25/19 22:30,1.682,75.68,0,0.426
10/25/19 22:45,1.521,78.33,0,0.209
10/25/19 23:00,1.275,78.83,0.002,0.254
10/25/19 23:15,1.191,79.49,0,0.253
10/25/19 23:30,0.976,80.8,0.001,0.889
10/25/19 23:45,0.862,78.6,0.001,0.478
10/26/19 0:00,0.886,80.7,0.001,0.541
10/26/19 0:15,0.793,77.88,0.002,0.175
10/26/19 0:30,0.31,84.8,0,0.244
10/26/19 0:45,0.446,82.8,0.003,0.32
10/26/19 1:00,0.125,84.6,0,0.405
10/26/19 1:15,-0.004,85.5,0.004,0.159
10/26/19 1:30,-0.005,83.9,0,0.39
10/26/19 1:45,0.317,80.8,0.003,0.281
10/26/19 2:00,-0.001,83.9,0,0.366
10/26/19 2:15,0.039,82.9,0.003,0.605
10/26/19 2:30,-0.119,82.9,0.003,0.359
10/26/19 2:45,-0.296,83.3,0.002,0.438
10/26/19 3:00,-0.844,87.9,0.002,0.21
10/26/19 3:15,-1.005,87.7,0,0.7
10/26/19 3:30,-0.905,87.7,0.003,0.454
10/26/19 3:45,-1.118,86.5,0.002,0.745
10/26/19 4:00,-0.901,84.1,0.003,0.919
10/26/19 4:15,-1.169,83.4,0.006,0.636
10/26/19 4:30,-1.627,86,0.003,1.079
10/26/19 4:45,-1.729,87.6,0.003,0.388
10/26/19 5:00,-1.93,85.9,0,0.324
10/26/19 5:15,-1.851,86.4,0,0.315
10/26/19 5:30,-1.856,88.3,0.002,0.343
10/26/19 5:45,-1.984,89.6,0.002,0.57
10/26/19 6:00,-1.923,89.9,0.001,0.793
10/26/19 6:15,-1.832,89.4,0.003,0.462
10/26/19 6:30,-1.544,87.8,0.031,0.547
10/26/19 6:45,-1.499,87.9,1.001,1.274
10/26/19 7:00,-1.617,87,5.712,0.867
10/26/19 7:15,-1.748,86.5,12.11,0.563
10/26/19 7:30,-1.625,87.8,17.96,0.669
10/26/19 7:45,-1.844,87.4,53.23,0.482
10/26/19 8:00,-1.126,83.5,142.3,0.563
10/26/19 8:15,-0.313,81.3,180.8,0.817
10/26/19 8:30,0.898,77.21,221.6,0.315
10/26/19 8:45,2.021,79.13,262.3,0.893
10/26/19 9:00,3.556,70.44,301.3,0.561
10/26/19 9:15,6.019,60.44,338.5,0.457
10/26/19 9:30,8.03,59.51,375.1,1.14
10/26/19 9:45,8.4,52.3,408,0.743
10/26/19 10:00,9.41,56.02,440.5,1.38
10/26/19 10:15,9.48,52.91,468.9,1.574
10/26/19 10:30,10.02,51.75,497,1.591
10/26/19 10:45,10.23,44.62,521.6,1.384
10/26/19 11:00,10.75,43.5,541.8,1.562
10/26/19 11:15,11.49,43.97,557,1.646
10/26/19 11:30,12.13,43.32,569.6,1.492
10/26/19 11:45,12.67,41.24,580,1.428
10/26/19 12:00,13.45,40.37,592,1.291
10/26/19 12:15,13.45,42.3,596.7,2.273
10/26/19 12:30,12.74,44.7,583.7,2.062
10/26/19 12:45,12.74,45.22,599,1.869
10/26/19 13:00,12.15,43.97,530.8,1.901
10/26/19 13:15,11.79,46.63,415.6,1.921
10/26/19 13:30,10.99,47.88,238.1,1.856
10/26/19 13:45,10.68,30.47,226.3,2.421
10/26/19 14:00,10.71,26.61,231.2,1.639
10/26/19 14:15,10.37,25.78,141.6,1.84
10/26/19 14:30,10.02,27.52,69.14,1.34
10/26/19 14:45,9.71,27.61,47.07,1.214
10/26/19 15:00,9.44,27.22,31.65,1.058
10/26/19 15:15,9.04,27.15,16.82,1.057
10/26/19 15:30,8.54,26.07,18.41,1.246
10/26/19 15:45,8.2,24.58,16.71,1.136
10/26/19 16:00,7.902,26.41,19.14,1.086
10/26/19 16:15,7.698,28.78,19.87,0.687
10/26/19 16:30,7.467,29.85,15.01,0.715
10/26/19 16:45,7.124,32.98,14.42,0.834
10/26/19 17:00,6.796,33.61,10.79,0.558
10/26/19 17:15,6.627,34.57,13.28,0.562
10/26/19 17:30,6.453,36.61,4.45,0.563
10/26/19 17:45,6.114,37.23,2.128,0.742
10/26/19 18:00,5.591,39.58,0.142,0.665
10/26/19 18:15,5.113,41.53,0,0.448
10/26/19 18:30,4.466,44.16,0,0.177
10/26/19 18:45,3.614,47.5,0,0.177
10/26/19 19:00,3.479,47.96,0,0.454
10/26/19 19:15,3.339,52.3,0.001,0.594
10/26/19 19:30,3.24,53.7,0,0.821
10/26/19 19:45,3.397,58,0,0.26
10/26/19 20:00,3.067,59.18,0.001,1.048
10/26/19 20:15,2.636,61.09,0,0.989
10/26/19 20:30,2.273,65.44,0,0.796
10/26/19 20:45,1.578,70.55,0.001,0.41
10/26/19 21:00,1.063,74.38,0,0.293
10/26/19 21:15,0.658,76.41,0.001,0.579
10/26/19 21:30,0.547,77.97,0.003,0.436
10/26/19 21:45,0.141,79.49,0,0.043
10/26/19 22:00,0.005,81.1,0.002,1.134
10/26/19 22:15,-0.354,83.9,0.001,0.552
10/26/19 22:30,-0.628,83,0,0.729
10/26/19 22:45,-1.047,86.4,0,0.049
10/26/19 23:00,-0.74,82.8,0,1.517
10/26/19 23:15,-0.39,82,0.001,1.208
10/26/19 23:30,-0.208,80.6,0.001,0.759
10/26/19 23:45,-0.152,79.73,0.002,0.265
10/27/19 0:00,-0.161,80.1,0.002,0.093
10/27/19 0:15,-0.071,79.02,0.002,0.514
10/27/19 0:30,-0.136,79.7,0,0.098
10/27/19 0:45,-0.069,77.04,0.002,0.264
10/27/19 1:00,-0.169,74.17,0.003,0.545
10/27/19 1:15,-0.284,73.49,0,0.134
10/27/19 1:30,-0.119,71.66,0.003,0.557
10/27/19 1:45,-0.056,69.92,0.003,1.031
10/27/19 2:00,-0.253,69.19,0,0.66
10/27/19 2:15,-0.361,66.37,0.004,0.872
10/27/19 2:30,-0.554,64.04,0.005,0.735
10/27/19 2:45,-0.622,61.91,0.001,0.409
10/27/19 3:00,-0.716,61.61,0,1.284
10/27/19 3:15,-0.861,60.86,0.001,0.985
10/27/19 3:30,-0.897,60.44,0.001,0.904
10/27/19 3:45,-1.059,59.19,0.001,0.565
10/27/19 4:00,-1.123,58.72,0.001,0.872
10/27/19 4:15,-1.176,57.99,0,1.073
10/27/19 4:30,-1.227,58.36,0,0.738
10/27/19 4:45,-1.354,62.96,0,1.066
10/27/19 5:00,-1.761,71.57,0.004,0.896
10/27/19 5:15,-2.452,80.1,0,0.675
10/27/19 5:30,-2.818,83.2,0.001,0.999
10/27/19 5:45,-3.052,86,0.001,0.906
10/27/19 6:00,-3.414,89.3,0.001,0.768
10/27/19 6:15,-3.701,90.7,0.009,1.04
10/27/19 6:30,-3.882,91.4,0.004,0.903
10/27/19 6:45,-4.07,91.5,0.181,1.028
10/27/19 7:00,-4.214,91.6,1.616,1.111
10/27/19 7:15,-4.306,91.1,4.981,0.887
10/27/19 7:30,-4.477,89.8,13.5,1.383
10/27/19 7:45,-4.497,87.8,29.18,0.949
10/27/19 8:00,-4.427,85.4,50.78,1.118
10/27/19 8:15,-4.333,82.5,73.53,0.769
10/27/19 8:30,-4.214,78.86,73.17,0.605
10/27/19 8:45,-4.121,73.52,71.66,0.938
10/27/19 9:00,-4.167,75.8,80.9,1.224
10/27/19 9:15,-4.38,77.28,117.6,1.063
10/27/19 9:30,-4.044,74.23,210.7,0.956
10/27/19 9:45,-3.265,66.8,393.7,1.008
10/27/19 10:00,-2.556,62.89,502.3,1.642
10/27/19 10:15,-2.65,61.98,345.7,1.518
10/27/19 10:30,-2.737,61.61,351.5,1.384
10/27/19 10:45,-2.295,60.23,398.4,1.491
10/27/19 11:00,-2.025,61.64,358.7,0.956
10/27/19 11:15,-1.699,57.99,500.1,1.069
10/27/19 11:30,-1.131,59.5,499.2,0.975
10/27/19 11:45,-1.1,57.33,515.1,1.415
10/27/19 12:00,-0.696,58.95,463.9,1.101
10/27/19 12:15,-0.385,54.18,388.6,1.213
10/27/19 12:30,-0.224,54.43,354.1,1.49
10/27/19 12:45,0.045,53.19,374,1.363
10/27/19 13:00,0.114,52.43,464.6,1.66
10/27/19 13:15,0.073,52.84,349.6,1.478
10/27/19 13:30,0.267,52.3,377.9,1.232
10/27/19 13:45,0.267,54.7,446.7,1.565
10/27/19 14:00,0.425,50.14,406.6,1.756
10/27/19 14:15,0.498,50.32,327.5,1.097
10/27/19 14:30,0.689,49.02,311.8,0.92
10/27/19 14:45,0.825,48.49,269.8,0.973
10/27/19 15:00,1.001,48.63,258,1.306
10/27/19 15:15,1.042,46.62,206.2,1.132
10/27/19 15:30,1.246,46.3,228.3,1.059
10/27/19 15:45,1.49,45.65,224,0.763
10/27/19 16:00,1.407,44.22,235,1.264
10/27/19 16:15,1.578,40.7,214.6,1.028
10/27/19 16:30,1.613,40.33,161.3,0.684
10/27/19 16:45,1.305,40.82,69.69,0.733
10/27/19 17:00,1.011,37.71,67.9,0.797
10/27/19 17:15,0.599,35.8,20.21,1.101
10/27/19 17:30,0.016,39.32,8.99,0.683
10/27/19 17:45,-0.514,36.74,1.939,0.839
10/27/19 18:00,-0.741,35.13,0.106,1.021
10/27/19 18:15,-0.838,33.51,0.001,1.232
10/27/19 18:30,-1.002,35.65,0,1.246
10/27/19 18:45,-1.362,34.81,0,1.339
10/27/19 19:00,-1.741,36.72,0.001,1.339
10/27/19 19:15,-2.148,36.98,0.001,1.132
10/27/19 19:30,-2.622,39.17,0.001,0.85
10/27/19 19:45,-3.031,40.55,0,0.631
10/27/19 20:00,-3.247,41.43,0.002,0.705
10/27/19 20:15,-3.626,47.56,0.004,1.017
10/27/19 20:30,-4.202,48.03,0.002,0.308
10/27/19 20:45,-4.251,48.89,0.003,0.407
10/27/19 21:00,-4.799,51.52,0.001,0.667
10/27/19 21:15,-4.999,51.08,0.003,0.142
10/27/19 21:30,-5.248,55.27,0.004,0.166
10/27/19 21:45,-5.362,51.89,0.004,0.237
10/27/19 22:00,-5.554,56.73,0.003,0.069
10/27/19 22:15,-5.875,55.98,0.002,0.302
10/27/19 22:30,-6.12,55.46,0.006,0.229
10/27/19 22:45,-6.124,53.19,0.005,0.612
10/27/19 23:00,-6.13,52.15,0.012,0.522
10/27/19 23:15,-6.724,61.95,0.005,0.204
10/27/19 23:30,-7.098,66.04,0.009,0.266
10/27/19 23:45,-7.236,62.24,0.005,0.031
10/28/19 0:00,-7.252,57.88,0.009,0.22
10/28/19 0:15,-7.289,69.9,0.013,0.388
10/28/19 0:30,-7.897,69.3,0.004,0.309
10/28/19 0:45,-7.82,71.63,0.01,0.605
10/28/19 1:00,-7.969,71.39,0.011,0.923
10/28/19 1:15,-8.3,72.8,0.009,1.027
10/28/19 1:30,-8.41,72.49,0.005,1.208
10/28/19 1:45,-8.5,73.56,0.013,1.264
10/28/19 2:00,-8.68,73.06,0.003,0.843
10/28/19 2:15,-8.88,72.9,0.008,0.155
10/28/19 2:30,-9.04,72.22,0.013,0.392
10/28/19 2:45,-9.24,77.48,0.007,0.061
10/28/19 3:00,-9.43,79.88,0.011,0.324
10/28/19 3:15,-9.54,82.4,0.015,0
10/28/19 3:30,-9.66,82.9,0.019,0.325
10/28/19 3:45,-9.64,83.7,0.01,0.24
10/28/19 4:00,-9.73,79.42,0.011,0.69
10/28/19 4:15,-9.47,73.76,0.011,0.472
10/28/19 4:30,-9.41,70.87,0.017,0.77
10/28/19 4:45,-9.41,71.47,0.015,0.357
10/28/19 5:00,-9.78,79.69,0.016,0.515
10/28/19 5:15,-9.92,82,0.012,0.217
10/28/19 5:30,-9.97,82.5,0.019,0.207
10/28/19 5:45,-9.89,82.3,0.019,0.14
10/28/19 6:00,-10.26,85.7,0.015,0.096
10/28/19 6:15,-10.27,85.7,0.017,0.08
10/28/19 6:30,-10.14,80.1,0.031,0.101
10/28/19 6:45,-10.19,83.4,0.349,0.113
10/28/19 7:00,-10.31,85.9,4.001,0.367
10/28/19 7:15,-10.4,87.6,12.29,0.048
10/28/19 7:30,-10.12,87.9,32.56,0.057
10/28/19 7:45,-9.46,84.9,78.59,0.002
10/28/19 8:00,-8.59,77.97,95.7,0.424
10/28/19 8:15,-8.29,76.35,119.6,0.21
10/28/19 8:30,-7.085,65.17,267.4,0.949
10/28/19 8:45,-5.792,61.44,336.2,0.764
10/28/19 9:00,-4.811,50.9,368.2,0.575
10/28/19 9:15,-4.411,50.77,249.8,1.269
10/28/19 9:30,-4.152,58.72,401.7,1.233
10/28/19 9:45,-4.301,61.38,385.6,1.321
10/28/19 10:00,-4.21,59.92,378.8,1.125
10/28/19 10:15,-3.672,56.74,375.9,1.088
10/28/19 10:30,-3.425,55.56,291.1,1.117
10/28/19 10:45,-3.338,53.81,246.9,0.873
10/28/19 11:00,-3.187,51.64,221.6,0.58
10/28/19 11:15,-2.734,49.7,307,0.721
10/28/19 11:30,-2.215,46.97,398.5,0.732
10/28/19 11:45,-1.593,46.88,403.9,0.724
10/28/19 12:00,-1.505,45.08,359.6,0.89
10/28/19 12:15,-1.183,44.43,290.3,1.139
10/28/19 12:30,-0.85,43.56,241.8,1.607
10/28/19 12:45,-0.797,43.41,207.9,1.651
10/28/19 13:00,-0.602,41.4,193.5,1.797
10/28/19 13:15,-0.493,40.2,176,2.075
10/28/19 13:30,-0.223,42.68,156.2,2.616
10/28/19 13:45,-0.125,38.77,196.5,3.01
10/28/19 14:00,-0.087,38.69,238.7,3.217
10/28/19 14:15,0.257,38.51,271.9,3.675
10/28/19 14:30,0.158,38.67,215.7,3.596
10/28/19 14:45,0.246,37.45,146.6,2.946
10/28/19 15:00,0.185,37.63,123.9,3.043
10/28/19 15:15,0.156,35.57,118.5,3.398
10/28/19 15:30,0.24,33.93,92.8,2.886
10/28/19 15:45,0.308,33.82,98.6,3.127
10/28/19 16:00,0.356,35.61,82.4,2.631
10/28/19 16:15,0.309,35.52,59.98,2.875
10/28/19 16:30,0.267,36.17,43.64,2.952
10/28/19 16:45,0.193,37.42,31.88,2.01
10/28/19 17:00,0.118,39.06,18,1.682
10/28/19 17:15,-0.011,41.12,7.948,1.173
10/28/19 17:30,-0.071,39.45,2.133,0.544
10/28/19 17:45,-0.107,41.79,0.321,0.894
10/28/19 18:00,-0.104,43.9,0.008,1.194
10/28/19 18:15,-0.173,51.44,0,0.751
10/28/19 18:30,-0.376,46.17,0.002,0.8
10/28/19 18:45,-0.548,48.52,0.004,0.756
10/28/19 19:00,-0.761,52.09,0,0.536
10/28/19 19:15,-0.904,51.44,0.001,0.33
10/28/19 19:30,-0.963,52.84,0,0.367
10/28/19 19:45,-1.06,53.37,0.001,0.247
10/28/19 20:00,-1.137,54.1,0,0.457
10/28/19 20:15,-1.178,55.71,0,0.202
10/28/19 20:30,-1.13,55.38,0,0.31
10/28/19 20:45,-1.14,53.81,0.002,0.27
10/28/19 21:00,-1.095,54.31,0,0.673
10/28/19 21:15,-1.052,55.59,0.002,1.228
10/28/19 21:30,-1.229,61.14,0.001,2.017
10/28/19 21:45,-1.655,69.69,0.001,2.584
10/28/19 22:00,-2.314,78.16,0.003,2.357
10/28/19 22:15,-2.571,80.3,0.002,2.377
10/28/19 22:30,-2.727,84.8,0.001,2.396
10/28/19 22:45,-2.96,88.3,0.004,1.956
10/28/19 23:00,-3.084,90,0,1.59
10/28/19 23:15,-3.085,90.6,0.001,1.761
10/28/19 23:30,-2.845,89.1,0.001,1.906
10/28/19 23:45,-2.512,87.7,0.001,1.438
10/29/19 0:00,-2.479,88.4,0,1.071
10/29/19 0:15,-2.4,87.3,0,0.418
10/29/19 0:30,-2.364,88.4,0.001,0.088
10/29/19 0:45,-2.49,89.7,0.01,0.011
10/29/19 1:00,-2.534,89.7,0.003,0.872
10/29/19 1:15,-2.504,90.6,0.004,1.911
10/29/19 1:30,-2.594,91.4,0.002,1.085
10/29/19 1:45,-2.898,91.9,0.002,1.101
10/29/19 2:00,-3.273,92.6,0.001,0.749
10/29/19 2:15,-3.489,93.3,0.001,0.434
10/29/19 2:30,-3.358,93.3,0.003,0.633
10/29/19 2:45,-3.264,93.5,0.004,0.371
10/29/19 3:00,-3.088,93.6,0,0.263
10/29/19 3:15,-2.948,93.7,0,0.302
10/29/19 3:30,-2.855,93.2,0,0.166
10/29/19 3:45,-2.803,92.4,0.002,0.566
10/29/19 4:00,-3.048,92.7,0.002,0.934
10/29/19 4:15,-3.376,93.4,0,0.809
10/29/19 4:30,-3.628,93.2,0.001,1.346
10/29/19 4:45,-3.867,93.2,0.001,1.049
10/29/19 5:00,-3.799,92.2,0.001,0.785
10/29/19 5:15,-3.679,90.9,0.003,0.779
10/29/19 5:30,-3.606,87.8,0.001,0.546
10/29/19 5:45,-3.757,83.6,0.003,1.51
10/29/19 6:00,-5.764,80.6,0.002,1.925
10/29/19 6:15,-7.061,79.86,0.007,1.363
10/29/19 6:30,-7.463,77.25,0.008,1.463
10/29/19 6:45,-8.11,81,0.154,1.31
10/29/19 7:00,-8.52,82.9,2.188,1.483
10/29/19 7:15,-8.81,85.6,9.81,1.318
10/29/19 7:30,-9.06,86.4,18.37,1.08
10/29/19 7:45,-9.42,86.4,29.8,1.257
10/29/19 8:00,-9.6,87.2,44.01,0.966
10/29/19 8:15,-9.47,87.8,61.69,1.379
10/29/19 8:30,-9.51,87.2,89.2,1.785
10/29/19 8:45,-9.57,86,128.7,1.289
10/29/19 9:00,-9.63,84.8,147.3,1.347
10/29/19 9:15,-9.71,85.6,115,0.965
10/29/19 9:30,-9.82,85.8,144.2,1.285
10/29/19 9:45,-9.62,83.7,234.9,1.026
10/29/19 10:00,-9.18,82.4,248,0.946
10/29/19 10:15,-9.07,81.7,242.1,1.119
10/29/19 10:30,-8.75,80.7,290.2,1.016
10/29/19 10:45,-8.56,78.85,332.9,1.857
10/29/19 11:00,-8.09,75.19,369.1,1.72
10/29/19 11:15,-7.635,67.19,390.8,2.302
10/29/19 11:30,-7.103,64.4,369.8,1.889
10/29/19 11:45,-6.664,60.75,366.2,1.253
10/29/19 12:00,-6.357,61.4,402.5,1.292
10/29/19 12:15,-6.225,51.6,415.6,1.187
10/29/19 12:30,-6.039,51.65,409.3,1.702
10/29/19 12:45,-6.07,56.97,439.1,1.678
10/29/19 13:00,-6.218,58.17,464.7,1.667
10/29/19 13:15,-5.819,56.06,475,1.265
10/29/19 13:30,-5.911,57.31,417.4,1.851
10/29/19 13:45,-5.708,55.07,431.6,1.697
10/29/19 14:00,-5.513,50.77,466.7,1.859
10/29/19 14:15,-5.624,49.9,303.4,0.737
10/29/19 14:30,-5.491,53.08,295.6,0.685
10/29/19 14:45,-5.462,51.62,304.4,0.909
10/29/19 15:00,-5.291,50.92,334.2,0.684
10/29/19 15:15,-5.286,51.46,342.8,1.102
10/29/19 15:30,-5.334,50.17,291.5,1.107
10/29/19 15:45,-5.254,51.65,289.5,1.056
10/29/19 16:00,-5.369,48,208.1,0.611
10/29/19 16:15,-5.364,52.72,209,1.626
10/29/19 16:30,-5.566,48.23,139.7,0.842
10/29/19 16:45,-5.691,50.58,81.4,1.607
10/29/19 17:00,-6.07,51.82,43.09,0.678
10/29/19 17:15,-6.379,48.78,20.23,0.779
10/29/19 17:30,-6.725,45.5,8.17,1.23
10/29/19 17:45,-7.008,51.39,1.76,1.168
10/29/19 18:00,-7.206,50.48,0.088,0.708
10/29/19 18:15,-7.385,55.7,0.008,0.386
10/29/19 18:30,-8.04,61.71,0.003,1.029
10/29/19 18:45,-8.55,61.07,0.007,0.997
10/29/19 19:00,-8.94,63.41,0.006,0.594
10/29/19 19:15,-9.21,60.54,0.006,1.229
10/29/19 19:30,-8.83,59.44,0.005,0.859
10/29/19 19:45,-9.01,59.27,0.006,0.223
10/29/19 20:00,-9.4,60.29,0.006,0.943
10/29/19 20:15,-9.66,60,0.008,1.123
10/29/19 20:30,-9.94,61.79,0.01,1.299
10/29/19 20:45,-10.87,65.79,0.013,0.524
10/29/19 21:00,-11.12,68.91,0.008,0.316
10/29/19 21:15,-11.18,74.02,0.006,0.122
10/29/19 21:30,-11.16,70.51,0.013,0.031
10/29/19 21:45,-11.19,66.23,0.011,0.348
10/29/19 22:00,-10.77,63.41,0.014,0.922
10/29/19 22:15,-10.99,65.27,0.016,0.734
10/29/19 22:30,-11.27,65.66,0.01,0.808
10/29/19 22:45,-11.5,67.5,0.011,0.48
10/29/19 23:00,-11.78,71.42,0.017,0.199
10/29/19 23:15,-11.84,69.31,0.019,0.001
10/29/19 23:30,-11.85,69.44,0.011,0.304
10/29/19 23:45,-11.97,69.31,0.015,0.449
10/30/19 0:00,-12.18,71.19,0.018,0.054
10/30/19 0:15,-12.47,75.12,0.02,0
10/30/19 0:30,-12.82,81.5,0.018,0.131
10/30/19 0:45,-13.08,83.3,0.019,0
10/30/19 1:00,-13.3,85.6,0.019,0.047
10/30/19 1:15,-13.27,87.2,0.023,0
10/30/19 1:30,-13.27,86.2,0.019,0.036
10/30/19 1:45,-13.41,87.6,0.019,0.18
10/30/19 2:00,-13.64,80.6,0.019,0.192
10/30/19 2:15,-13.73,80.4,0.02,0
10/30/19 2:30,-13.77,81,0.024,0.05
10/30/19 2:45,-13.78,83.2,0.015,0.392
10/30/19 3:00,-14.07,83.9,0.022,0.074
10/30/19 3:15,-14.4,85.5,0.017,0
10/30/19 3:30,-14.4,85.1,0.011,0.135
10/30/19 3:45,-14.45,80.4,0.017,0.12
10/30/19 4:00,-14.36,79.95,0.019,0.051
10/30/19 4:15,-14.5,83.7,0.016,0.145
10/30/19 4:30,-14.5,84.7,0.019,0.175
10/30/19 4:45,-14.52,83.8,0.015,0.115
10/30/19 5:00,-14.71,79.94,0.015,0.709
10/30/19 5:15,-14.89,80.6,0.024,0.081
10/30/19 5:30,-15.05,79.66,0.024,0.125
10/30/19 5:45,-15.19,82.1,0.021,0.155
10/30/19 6:00,-15.17,84.8,0.019,0.453
10/30/19 6:15,-15.06,84.3,0.024,0.182
10/30/19 6:30,-14.9,81.6,0.037,0.586
10/30/19 6:45,-15.06,79.77,0.213,0.85
10/30/19 7:00,-15.05,78.07,2.828,0.334
10/30/19 7:15,-15.14,81.3,9.29,0.362
10/30/19 7:30,-15.32,82.8,16.21,0.162
10/30/19 7:45,-15.16,83.9,34.12,0
10/30/19 8:00,-14.29,78.64,122.2,0
10/30/19 8:15,-13.84,71.69,163.4,0.35
10/30/19 8:30,-13.48,70.04,205.1,0.168
10/30/19 8:45,-12.77,69.18,254.7,0.331
10/30/19 9:00,-12.27,68.53,299.1,0.837
10/30/19 9:15,-11.6,66.83,340.4,0.77
10/30/19 9:30,-11.23,65.61,378.3,1.354
10/30/19 9:45,-10.68,64.46,413.9,0.531
10/30/19 10:00,-10.38,61.3,448.7,0.874
10/30/19 10:15,-9.64,62.53,478.2,0.405
10/30/19 10:30,-9.13,60.63,504.4,0.708
10/30/19 10:45,-8.54,60.93,528,0.954
10/30/19 11:00,-7.952,59.06,549.6,1.288
10/30/19 11:15,-7.642,62.26,565.8,1.179
10/30/19 11:30,-7.525,61.11,578.1,1.369
10/30/19 11:45,-7.06,59.6,589.9,1.077
10/30/19 12:00,-6.521,58.4,597.1,0.959
10/30/19 12:15,-6.081,54.91,600.3,0.983
10/30/19 12:30,-5.466,59.18,599.6,0.948
10/30/19 12:45,-5.493,55.77,594.8,1.426
10/30/19 13:00,-5.262,58.03,585.6,0.894
10/30/19 13:15,-4.911,51.69,573,1.028
10/30/19 13:30,-4.369,48.42,558.9,0.934
10/30/19 13:45,-4.068,46.02,537.2,1.593
10/30/19 14:00,-3.768,46.04,515.1,0.958
10/30/19 14:15,-3.328,38.46,488.7,0.68
10/30/19 14:30,-3.247,39.92,460.9,0.925
10/30/19 14:45,-2.917,39.91,426.7,1.09
10/30/19 15:00,-2.745,40.6,392.3,0.703
10/30/19 15:15,-2.515,40.18,356,1.093
10/30/19 15:30,-2.603,36.67,318.2,0.772
10/30/19 15:45,-2.462,34.92,278.3,0.874
10/30/19 16:00,-2.444,36.82,238.1,0.74
10/30/19 16:15,-2.445,43.43,197.7,0.811
10/30/19 16:30,-2.784,45.26,156.8,1.917
10/30/19 16:45,-3.204,44.21,116.1,1.936
10/30/19 17:00,-3.591,45.55,44.65,1.656
10/30/19 17:15,-4.044,45.89,13.39,1.066
10/30/19 17:30,-4.404,48.91,6.501,0.821
10/30/19 17:45,-4.705,49.87,1.708,0.771
10/30/19 18:00,-5.136,58.09,0.09,0.212
10/30/19 18:15,-5.979,60.28,0.003,0.008
10/30/19 18:30,-5.749,56.03,0.001,0.515
10/30/19 18:45,-6.474,66.54,0.004,0.15
10/30/19 19:00,-6.473,61.53,0.002,0.24
10/30/19 19:15,-6.817,63.95,0.002,0.196
10/30/19 19:30,-6.903,67.08,0.003,0.25
10/30/19 19:45,-7.25,66.22,0.002,0.674
10/30/19 20:00,-7.603,64.64,0.004,1.017
10/30/19 20:15,-7.888,66.85,0.007,0.752
10/30/19 20:30,-8.34,70.79,0.003,0.119
10/30/19 20:45,-8.71,73.27,0.007,0.167
10/30/19 21:00,-8.96,75.09,0.006,0.043
10/30/19 21:15,-8.76,70.44,0.006,0.118
10/30/19 21:30,-8.64,68.23,0.011,0.42
10/30/19 21:45,-8.79,68.13,0.005,0.064
10/30/19 22:00,-8.77,67.09,0.005,0.135
10/30/19 22:15,-8.92,68.96,0.015,0
10/30/19 22:30,-8.97,68.06,0.008,0.288
10/30/19 22:45,-9.24,70.95,0.01,0.196
10/30/19 23:00,-9.74,76.55,0.017,0.118
10/30/19 23:15,-10.12,79.86,0.01,0
10/30/19 23:30,-10.25,83,0.008,0.069
10/30/19 23:45,-10.35,84,0.013,0.092
10/31/19 0:00,-10.4,84.2,0.013,0.021
10/31/19 0:15,-10.62,84.8,0.009,0.012
10/31/19 0:30,-10.56,85.4,0.01,0
10/31/19 0:45,-10.42,83.7,0.015,0.018
10/31/19 1:00,-10.46,81.6,0.018,0.022
10/31/19 1:15,-10.46,82.6,0.023,0.351
10/31/19 1:30,-10.72,85.5,0.011,0.205
10/31/19 1:45,-11,87.3,0.018,0.062
10/31/19 2:00,-11.08,88.9,0.016,0.038
10/31/19 2:15,-10.6,86.1,0.019,0.072
10/31/19 2:30,-10.5,85.2,0.015,0.096
10/31/19 2:45,-10.7,82.2,0.025,0.423
10/31/19 3:00,-10.99,82.5,0.018,0.107
10/31/19 3:15,-10.86,84.6,0.021,0.069
10/31/19 3:30,-11.28,86.6,0.011,0.041
10/31/19 3:45,-11.36,82.1,0.017,0.596
10/31/19 4:00,-11.51,81.6,0.018,0.008
10/31/19 4:15,-11.5,83.7,0.019,0.018
10/31/19 4:30,-11.48,84.6,0.014,0
10/31/19 4:45,-11.32,82.5,0.02,0.28
10/31/19 5:00,-11.3,80.1,0.017,0.177
10/31/19 5:15,-11.38,79.86,0.02,0.011
10/31/19 5:30,-11.55,84,0.02,0.192
10/31/19 5:45,-11.59,84.7,0.019,0.131
10/31/19 6:00,-11.58,84.7,0.018,0.002
10/31/19 6:15,-11.6,85.9,0.022,0
10/31/19 6:30,-11.59,87.3,0.034,0.102
10/31/19 6:45,-11.33,86.6,0.428,0.231
10/31/19 7:00,-11.5,87.7,3.216,0.018
10/31/19 7:15,-11.63,88.7,8.63,0.024
10/31/19 7:30,-11.67,87.4,14.38,0.071
10/31/19 7:45,-11.23,81.9,22.27,0.075
10/31/19 8:00,-10.67,79.67,125,0.586
10/31/19 8:15,-10.12,77.01,171.9,0.681
10/31/19 8:30,-9.42,74.22,223.1,0.107
10/31/19 8:45,-8.68,71.92,255.7,0.507
10/31/19 9:00,-8.12,74.81,291.3,0.743
10/31/19 9:15,-7.304,71.63,331.3,0.413
10/31/19 9:30,-6.528,71.44,365.8,1.095
10/31/19 9:45,-5.625,65.66,399.4,1.405
10/31/19 10:00,-5.176,65.46,428.8,1.417
10/31/19 10:15,-4.952,63.75,457.6,1.339
10/31/19 10:30,-4.416,62.1,485.9,1.337
10/31/19 10:45,-3.778,58.48,511.3,1.159
10/31/19 11:00,-3.238,56.18,531.2,1.13
10/31/19 11:15,-2.931,52.38,547.5,1.014
10/31/19 11:30,-2.462,52.69,561.7,0.758
10/31/19 11:45,-2.113,53.86,574,1.429
10/31/19 12:00,-1.532,50.63,580.7,1.275
10/31/19 12:15,-1.124,48.49,587,1.239
10/31/19 12:30,-0.767,47.19,593.6,1.338
10/31/19 12:45,-0.44,42.02,574.7,1.29
10/31/19 13:00,-0.226,43.17,566.4,1.334
10/31/19 13:15,0.284,40.77,563.8,1.064
10/31/19 13:30,0.205,39.97,396.1,1.238
10/31/19 13:45,0.486,38.02,411.8,1.177
10/31/19 14:00,0.928,35.3,445.9,0.917
10/31/19 14:15,1.326,34,479,1.148
10/31/19 14:30,1.658,33.17,451.6,0.846
10/31/19 14:45,2.099,32.44,452.8,1.097
10/31/19 15:00,2.278,35.28,311,0.521
10/31/19 15:15,2.311,34.03,289.4,0.753
10/31/19 15:30,2.303,32.98,232.2,0.736
10/31/19 15:45,2.14,36.29,210.8,1.068
10/31/19 16:00,1.979,35.46,147.7,0.791
10/31/19 16:15,1.858,35.62,143.1,1.018
10/31/19 16:30,1.888,35.36,138.4,1.013
10/31/19 16:45,1.737,36.71,95.1,0.958
10/31/19 17:00,1.411,38.07,39.25,0.709
10/31/19 17:15,1.137,39.99,15.1,1.228
10/31/19 17:30,0.682,43.77,4.178,1.57
10/31/19 17:45,0.326,46.67,1.238,0.762
10/31/19 18:00,0.078,50.26,0.031,0.563
10/31/19 18:15,-0.48,48.52,0,0.474
10/31/19 18:30,-0.452,54.07,0.001,0.013
10/31/19 18:45,-0.782,52.04,0,0.207
10/31/19 19:00,-0.953,53.68,0.001,0.232
10/31/19 19:15,-0.856,55.35,0,0.349
10/31/19 19:30,-0.92,57.57,0,0.143
10/31/19 19:45,-0.829,55.79,0,0.329
10/31/19 20:00,-0.595,53.6,0,0.712
10/31/19 20:15,-0.54,57.85,0,1.272
10/31/19 20:30,-0.977,61.66,0.001,0.572
10/31/19 20:45,-1.296,64.18,0,0.113
10/31/19 21:00,-1.699,67.01,0,0.19
10/31/19 21:15,-1.872,65.5,0.001,0
10/31/19 21:30,-1.654,64.69,0,0.131
10/31/19 21:45,-1.446,63.2,0.006,0.319
10/31/19 22:00,-1.489,65.36,0.001,0.173
10/31/19 22:15,-1.82,66.25,0,0
10/31/19 22:30,-2.343,68.35,0.002,0.038
10/31/19 22:45,-2.422,71.41,0,0.106
10/31/19 23:00,-2.875,73.39,0.001,0.085
10/31/19 23:15,-3.177,74.8,0.002,0.214
10/31/19 23:30,-3.684,78.87,0.001,0.071
10/31/19 23:45,-4.054,79.39,0.006,0.007
11/1/19 0:00,-4.314,81.7,0.002,0.07
11/1/19 0:15,-4.598,83.2,0.005,0.088
11/1/19 0:30,-4.801,83,0.003,0.089
11/1/19 0:45,-5.205,83.4,0.006,0.112
11/1/19 1:00,-5.496,83.4,0.004,0.006
11/1/19 1:15,-5.68,81.8,0.004,0.118
11/1/19 1:30,-5.869,80.7,0.004,0.089
11/1/19 1:45,-5.327,73.2,0,0.557
11/1/19 2:00,-5.121,71.51,0.004,0.501
11/1/19 2:15,-5.588,76.03,0.002,0.387
11/1/19 2:30,-6.277,79.75,0.003,0.111
11/1/19 2:45,-6.431,79.2,0.001,0.032
11/1/19 3:00,-6.615,82.3,0.003,0.024
11/1/19 3:15,-6.827,82.9,0.004,0.133
11/1/19 3:30,-6.951,83.9,0.006,0.182
11/1/19 3:45,-7.253,85,0.006,0.087
11/1/19 4:00,-7.67,85.9,0.006,0.097
11/1/19 4:15,-7.507,84.9,0.009,0.186
11/1/19 4:30,-7.301,84.2,0.007,0.366
11/1/19 4:45,-6.59,78.48,0.008,0.897
11/1/19 5:00,-6.543,77.97,0.008,0.362
11/1/19 5:15,-7.068,79.44,0.01,0.266
11/1/19 5:30,-7.722,80.2,0.01,0.312
11/1/19 5:45,-8,78.92,0.007,0.508
11/1/19 6:00,-8.37,78.56,0.007,0.429
11/1/19 6:15,-8.59,82.2,0.012,0.272
11/1/19 6:30,-8.92,84.4,0.02,0.018
11/1/19 6:45,-8.83,85.1,0.261,0.034
11/1/19 7:00,-8.63,85.4,2.767,0.095
11/1/19 7:15,-8.85,85.7,8.56,0.059
11/1/19 7:30,-8.68,88.2,14.79,0
11/1/19 7:45,-8.44,87.9,20.42,0.092
11/1/19 8:00,-8.08,86.4,115.3,0.275
11/1/19 8:15,-6.889,79.66,175.5,0.417
11/1/19 8:30,-5.689,75.7,208,0.299
11/1/19 8:45,-4.872,71.92,246.9,0.368
11/1/19 9:00,-4.234,71.11,286,0.43
11/1/19 9:15,-3.645,66.83,325,0.323
11/1/19 9:30,-3.345,64.25,361.8,0.584
11/1/19 9:45,-2.876,59.45,396.8,0.444
11/1/19 10:00,-2.538,56.65,428.1,0.583
11/1/19 10:15,-1.941,54.6,457.7,0.747
11/1/19 10:30,-1.503,51.86,486,0.792
11/1/19 10:45,-0.839,48.91,508.8,0.494
11/1/19 11:00,-0.294,46.12,529.8,0.605
11/1/19 11:15,0.084,43.39,544.6,0.49
11/1/19 11:30,0.876,42.71,559.2,0.6
11/1/19 11:45,1.281,42.34,570.1,0.859
11/1/19 12:00,1.863,39.99,576.7,0.757
11/1/19 12:15,2.04,38.72,577.7,0.482
11/1/19 12:30,2.65,38.02,577,1.107
11/1/19 12:45,3.037,35.59,573.2,0.802
11/1/19 13:00,3.584,33.84,565,1.021
11/1/19 13:15,4.157,29.99,552,0.953
11/1/19 13:30,4.274,27.46,536.1,1.002
11/1/19 13:45,4.52,25.34,517.3,0.885
11/1/19 14:00,5.069,23.75,497.4,1.128
11/1/19 14:15,5.315,25.21,472.7,0.832
11/1/19 14:30,5.511,22.14,444,1.043
11/1/19 14:45,5.821,22.29,411.3,0.934
11/1/19 15:00,5.693,21.9,380.1,0.958
11/1/19 15:15,6.2,21.95,343.1,0.402
11/1/19 15:30,6.163,24.43,304.6,0.598
11/1/19 15:45,6.092,28.76,267.2,1.33
11/1/19 16:00,5.978,32.04,227.5,1.475
11/1/19 16:15,5.773,31.65,187.6,1.706
11/1/19 16:30,5.587,32.44,147.5,1.628
11/1/19 16:45,5.297,31,107.9,1.146
11/1/19 17:00,4.87,34.36,33.35,1.108
11/1/19 17:15,3.432,42.94,12.51,0.23
11/1/19 17:30,2.09,44.34,5.886,0.061
11/1/19 17:45,1.255,49.58,1.319,0.063
11/1/19 18:00,0.62,50.34,0.043,0.052
11/1/19 18:15,0.042,50.14,0,0.008
11/1/19 18:30,-0.457,58,0.001,0
11/1/19 18:45,-0.981,55.95,0.001,0.051
11/1/19 19:00,-1.414,62.36,0,0.075
11/1/19 19:15,-1.847,63.66,0,0.01
11/1/19 19:30,-2.044,68.1,0,0
11/1/19 19:45,-2.234,64.29,0.002,0.078
11/1/19 20:00,-2.351,64.76,0.001,0
11/1/19 20:15,-2.4,63.1,0.001,0.012
11/1/19 20:30,-2.347,60.2,0.002,0.161
11/1/19 20:45,-2.376,61.84,0,0
11/1/19 21:00,-2.873,70.03,0.002,0.244
11/1/19 21:15,-3.379,74.41,0.001,0.026
11/1/19 21:30,-3.629,76.11,0.015,0.092
11/1/19 21:45,-3.929,74.88,0.001,0.006
11/1/19 22:00,-4.045,75.11,0.003,0.015
11/1/19 22:15,-4.114,77.43,0.004,0.001
11/1/19 22:30,-4.672,80.2,0.004,0.107
11/1/19 22:45,-4.894,80.6,0.003,0.007
11/1/19 23:00,-5.113,81.1,0.003,0
11/1/19 23:15,-5.084,83,0.002,0.177
11/1/19 23:30,-5.459,84.2,0.002,0.041
11/1/19 23:45,-5.577,84.5,0.008,0
11/2/19 0:00,-5.649,83.7,0.006,0.026
11/2/19 0:15,-5.564,83.6,0.013,0
11/2/19 0:30,-5.713,81.6,0.007,0.096
11/2/19 0:45,-5.73,82.8,0.012,0.227
11/2/19 1:00,-6.026,86,0.005,0.233
11/2/19 1:15,-6.445,87.5,0.005,0.031
11/2/19 1:30,-6.562,87.5,0.01,0.001
11/2/19 1:45,-6.502,88.1,0.003,0.001
11/2/19 2:00,-6.387,86.8,0.005,0.189
11/2/19 2:15,-6.372,85.1,0.004,0.504
11/2/19 2:30,-6.569,86.2,0.006,0.229
11/2/19 2:45,-6.84,88,0.006,0.242
11/2/19 3:00,-7.124,88.3,0.006,0.255
11/2/19 3:15,-7.141,88.8,0.006,0.066
11/2/19 3:30,-7.028,87.3,0.008,0.398
11/2/19 3:45,-6.909,85.8,0.015,0.196
11/2/19 4:00,-7.007,85.9,0.015,0.144
11/2/19 4:15,-7.231,85,0.013,0.334
11/2/19 4:30,-7.57,86.5,0.013,0
11/2/19 4:45,-7.437,86.8,0.013,0.009
11/2/19 5:00,-7.5,89.1,0.007,0.156
11/2/19 5:15,-7.852,90.4,0.011,0.031
11/2/19 5:30,-7.747,90.8,0.012,0.304
11/2/19 5:45,-7.763,90.7,0.01,0.339
11/2/19 6:00,-7.291,90.7,0.02,0.617
11/2/19 6:15,-6.501,84.8,0.018,1.03
11/2/19 6:30,-6.506,82.6,0.018,1.305
11/2/19 6:45,-6.707,81.7,0.249,1.223
11/2/19 7:00,-7.961,86.2,2.538,1.019
11/2/19 7:15,-7.957,87.8,7.526,1.12
11/2/19 7:30,-7.714,87.6,12.94,0.413
11/2/19 7:45,-7.608,88.9,17.73,0.291
11/2/19 8:00,-7.637,89.8,94.5,0.183
11/2/19 8:15,-6.431,85,158.1,0.207
11/2/19 8:30,-4.986,78.78,209.6,0.528
11/2/19 8:45,-3.662,69.18,244.2,0.354
11/2/19 9:00,-2.472,62.96,281.6,0.903
11/2/19 9:15,-1.564,62.85,319.6,0.723
11/2/19 9:30,-1.002,61.15,356.2,1.63
11/2/19 9:45,-0.939,58.48,390.1,1.669
11/2/19 10:00,-0.57,62.94,421.6,1.558
11/2/19 10:15,-0.173,58.11,450.5,1.484
11/2/19 10:30,0.362,57.8,475.9,1.174
11/2/19 10:45,0.721,56.57,499.2,1.084
11/2/19 11:00,1.103,52.95,519.1,1.07
11/2/19 11:15,1.941,50.58,536.8,0.764
11/2/19 11:30,2.473,48.7,550.8,1.062
11/2/19 11:45,2.996,46.79,559.7,0.964
11/2/19 12:00,3.845,45.46,565.7,0.737
11/2/19 12:15,4.381,43.64,569.1,0.881
11/2/19 12:30,4.469,41.66,567.9,0.851
11/2/19 12:45,4.855,39.66,563.3,0.857
11/2/19 13:00,5.382,37.57,554.5,0.893
11/2/19 13:15,5.703,38.02,541.7,0.934
11/2/19 13:30,6.216,38.2,525.2,0.749
11/2/19 13:45,6.406,37.73,506.7,0.951
11/2/19 14:00,6.936,36.37,484.9,0.773
11/2/19 14:15,7.132,34.93,459.1,0.726
11/2/19 14:30,7.602,34.54,429.7,0.955
11/2/19 14:45,7.894,32.9,399.6,0.501
11/2/19 15:00,8.17,33.06,365.5,0.297
11/2/19 15:15,8.34,32.09,331.5,0.719
11/2/19 15:30,8.34,32.17,294.7,0.953
11/2/19 15:45,8.2,31.21,256.8,1.07
11/2/19 16:00,8.16,29.98,217.7,0.64
11/2/19 16:15,8.13,28.78,179.5,1.075
11/2/19 16:30,7.931,29.95,141,0.552
11/2/19 16:45,7.485,33.21,102.2,0.453
11/2/19 17:00,6.496,37.15,26.88,0.026
11/2/19 17:15,5.287,38.74,11.95,0
11/2/19 17:30,4.43,40.61,5.27,0
11/2/19 17:45,4.192,43.77,1.123,0.313
11/2/19 18:00,3.419,49.17,0.03,0.359
11/2/19 18:15,2.758,50.55,0,0.002
11/2/19 18:30,1.74,60.48,0,0.08
11/2/19 18:45,0.872,63.43,0,0.094
11/2/19 19:00,0.356,63.51,0.001,0.012
11/2/19 19:15,0.05,64.37,0,0.083
11/2/19 19:30,-0.24,70.42,0,0.146
11/2/19 19:45,-0.091,65.54,0,0.424
11/2/19 20:00,0.219,65.16,0,0.624
11/2/19 20:15,-0.424,71.66,0,0.466
11/2/19 20:30,-1.61,73.8,0,0
11/2/19 20:45,-1.742,74.58,0,0.009
11/2/19 21:00,-1.932,75.75,0.003,0
11/2/19 21:15,-1.926,76.7,0.003,0
11/2/19 21:30,-1.981,77.18,0.001,0
11/2/19 21:45,-2.101,75.93,0.002,0.264
11/2/19 22:00,-2.381,76.65,0.001,0.064
11/2/19 22:15,-2.483,77.09,0.003,0.043
11/2/19 22:30,-2.644,80.4,0.003,0.013
11/2/19 22:45,-2.879,83.1,0.003,0.152
11/2/19 23:00,-3.35,83.4,0.001,0.008
11/2/19 23:15,-3.396,80.1,0.004,0.129
11/2/19 23:30,-3.468,81.5,0.006,0.082
11/2/19 23:45,-3.52,82,0.006,0.026
11/3/19 0:00,-3.744,83.8,0.005,0
11/3/19 0:15,-3.801,84.8,0.004,0.012
11/3/19 0:30,-4.055,85,0.001,0
11/3/19 0:45,-4.202,83.9,0.002,0.147
11/3/19 1:00,-4.304,82.1,0.005,0.008
11/3/19 1:15,-4.446,84.6,0.004,0.009
11/3/19 1:30,-4.68,86.2,0.002,0.033
11/3/19 1:45,-4.846,86.4,0.006,0.016
11/3/19 2:00,-4.99,86.1,0.001,0.201
11/3/19 2:15,-5.036,84.6,0.003,0.048
11/3/19 2:30,-4.998,86.2,0.002,0.099
11/3/19 2:45,-5.104,84.7,0.002,0.04
11/3/19 3:00,-5.027,84.6,0.007,0.17
11/3/19 3:15,-5.244,86.5,0.002,0.121
11/3/19 3:30,-5.182,86,0.006,0.296
11/3/19 3:45,-4.96,84.9,0.003,0.248
11/3/19 4:00,-4.803,86.3,0.004,0.233
11/3/19 4:15,-4.995,86.3,0.006,0.09
11/3/19 4:30,-5.32,83,0.004,0.273
11/3/19 4:45,-5.299,81.8,0.01,0.018
11/3/19 5:00,-5.422,85.4,0.002,0.245
11/3/19 5:15,-5.74,86.3,0.006,0.036
11/3/19 5:30,-6.081,88.6,0.006,0.118
11/3/19 5:45,-6.149,89.7,0.002,0.099
11/3/19 6:00,-6.185,90.6,0.001,0.066
11/3/19 6:15,-6.209,90.7,0.003,0.03
11/3/19 6:30,-6.245,88.7,0.013,0.245
11/3/19 6:45,-6.515,89.2,0.113,0.079
11/3/19 7:00,-6.676,89.1,2.134,0.274
11/3/19 7:15,-6.533,89.9,8.59,0.152
11/3/19 7:30,-6.453,89.8,19.78,0.081
11/3/19 7:45,-6.356,88.2,36.05,0
11/3/19 8:00,-5.892,86.3,70.57,0.095
11/3/19 8:15,-5.175,84.8,124.4,0.073
11/3/19 8:30,-4.244,79.61,190.2,0.396
11/3/19 8:45,-2.96,75.41,226.4,0.169
11/3/19 9:00,-1.67,71.34,207.5,0
11/3/19 9:15,-0.885,67.72,257.2,0.023
11/3/19 9:30,-0.25,64.19,314.2,0.342
11/3/19 9:45,0.492,56.95,384.7,0.283
11/3/19 10:00,1.422,55.12,411.6,0.297
11/3/19 10:15,2.061,55.04,373.1,0.879
11/3/19 10:30,2.531,49.8,315.1,1.126
11/3/19 10:45,3.102,50.63,462.6,1.227
11/3/19 11:00,4.261,46.25,487.1,1.078
11/3/19 11:15,5.1,38.41,504.5,0.785
11/3/19 11:30,6.194,36.4,543.4,0.91
11/3/19 11:45,6.218,36.89,548.6,1.413
11/3/19 12:00,6.845,35.67,555.7,0.755
11/3/19 12:15,7.231,34.6,560.9,0.76
11/3/19 12:30,7.817,33.55,540.5,0.761
11/3/19 12:45,8.17,33.82,554.4,1.102
11/3/19 13:00,8.42,30.82,521.2,1.234
11/3/19 13:15,8.95,30.45,529.5,0.994
11/3/19 13:30,9.42,31.42,472.7,0.738
11/3/19 13:45,9.45,30.92,436.2,0.915
11/3/19 14:00,9.55,29.43,405.6,0.707
11/3/19 14:15,9.87,28.41,397.9,0.932
11/3/19 14:30,10.19,27.5,429,0.734
11/3/19 14:45,10.65,28,365.8,0.589
11/3/19 15:00,10.67,26.54,322.4,0.817
11/3/19 15:15,10.77,26.15,259,0.433
11/3/19 15:30,10.58,25.83,240.2,0.6
11/3/19 15:45,10.54,26.17,204.3,0.653
11/3/19 16:00,10.66,27.32,196.3,0.237
11/3/19 16:15,10.49,28.33,157,0.245
11/3/19 16:30,10.17,27.16,118.6,0.727
11/3/19 16:45,9.48,30.32,71.14,0.197
11/3/19 17:00,8.54,33.24,35.45,0.263
11/3/19 17:15,7.355,35.01,13.1,0
11/3/19 17:30,6.712,38.49,3.324,0
11/3/19 17:45,5.536,49.94,0.9,0.024
11/3/19 18:00,4.614,47.71,0.002,0.176
11/3/19 18:15,3.953,49.08,0,0
11/3/19 18:30,4.119,51.59,0,0.008
11/3/19 18:45,3.166,54.75,0,0.016
11/3/19 19:00,2.559,60.09,0,0.544
11/3/19 19:15,1.984,63.67,0,0.016
11/3/19 19:30,1.472,60.72,0,0.043
11/3/19 19:45,1.263,68.46,0,0.232
11/3/19 20:00,1.245,66.24,0,0
11/3/19 20:15,1.178,65.44,0,0.108
11/3/19 20:30,0.722,70.08,0.001,0.015
11/3/19 20:45,0.387,73.2,0,0
11/3/19 21:00,-0.212,75.69,0,0.018
11/3/19 21:15,-0.582,72.03,0,0
11/3/19 21:30,-0.522,71.25,0.001,0.038
11/3/19 21:45,-0.072,70.29,0,0.015
11/3/19 22:00,-0.598,76.36,0,0.084
11/3/19 22:15,-0.934,76.42,0.001,0.07
11/3/19 22:30,-1.014,73.91,0,0.156
11/3/19 22:45,-1.086,74.09,0,0
11/3/19 23:00,-1.238,79.76,0.002,0.086
11/3/19 23:15,-1.475,77.8,0.001,0.111
11/3/19 23:30,-1.615,79.62,0.006,0.085
11/3/19 23:45,-1.725,80.3,0.001,0.108
11/4/19 0:00,-1.756,78.34,0,0.127
11/4/19 0:15,-1.728,77.51,0.002,0.023
11/4/19 0:30,-1.549,76.23,0.001,0.159
11/4/19 0:45,-1.463,76.88,0.003,0.012
11/4/19 1:00,-1.561,78.6,0.002,0.093
11/4/19 1:15,-1.8,79.65,0.003,0.069
11/4/19 1:30,-2.121,81.4,0.001,0.357
11/4/19 1:45,-2.285,80.5,0.003,0.037
11/4/19 2:00,-2.25,81.3,0.001,0
11/4/19 2:15,-2.337,82.2,0,0.044
11/4/19 2:30,-2.381,82.2,0.003,0.145
11/4/19 2:45,-2.357,80.4,0.003,0.694
11/4/19 3:00,-2.829,83.3,0.005,0.098
11/4/19 3:15,-2.948,84.8,0.003,0.321
11/4/19 3:30,-3.123,85.8,0.002,0.203
11/4/19 3:45,-3.296,85.2,0.004,0.065
11/4/19 4:00,-3.495,87.2,0.006,0
11/4/19 4:15,-3.69,87.3,0.002,0.095
11/4/19 4:30,-3.805,85.6,0.003,0.419
11/4/19 4:45,-3.753,86.2,0.004,0.497
11/4/19 5:00,-3.679,86.4,0.008,0.1
11/4/19 5:15,-3.876,88.2,0.006,0.442
11/4/19 5:30,-4.039,88.9,0.006,0.082
11/4/19 5:45,-4.039,88.9,0.005,0.009
11/4/19 6:00,-4.07,89,0.001,0.172
11/4/19 6:15,-3.901,88.2,0.001,0.167
11/4/19 6:30,-3.823,86.1,0.003,0.103
11/4/19 6:45,-3.913,85.7,0.047,0.087
11/4/19 7:00,-3.928,85.2,1.066,0.071
11/4/19 7:15,-3.905,84.2,7.045,0.03
11/4/19 7:30,-4.1,86.9,18.63,0.444
11/4/19 7:45,-4.105,87.1,28.64,0.218
11/4/19 8:00,-3.661,86.9,90.7,0.14
11/4/19 8:15,-2.483,78.79,140.1,0.363
11/4/19 8:30,-1.641,77.13,167.3,0.223
11/4/19 8:45,-1.033,73.19,205.7,0.172
11/4/19 9:00,-0.122,72.35,243.1,0.162
11/4/19 9:15,0.045,72.61,262.5,0.724
11/4/19 9:30,0.514,72.74,283.1,0.627
11/4/19 9:45,1.002,69.67,309.5,0.51
11/4/19 10:00,1.678,65.52,330.7,0.325
11/4/19 10:15,2.346,58.78,382.6,0.447
11/4/19 10:30,3.208,58.07,435.1,0.554
11/4/19 10:45,3.911,51.83,449.7,0.528
11/4/19 11:00,4.356,47.55,456.9,0.485
11/4/19 11:15,4.788,44.69,496,0.56
11/4/19 11:30,5.673,41.87,521.4,0.518
11/4/19 11:45,6.204,40.13,520.6,0.693
11/4/19 12:00,7.055,39.89,528.6,0.658
11/4/19 12:15,7.981,38.77,539.6,0.604
11/4/19 12:30,8.23,38.33,539.2,0.634
11/4/19 12:45,8.71,37.62,545.9,0.845
11/4/19 13:00,9.14,35.61,536.6,0.9
11/4/19 13:15,9.52,34.65,513,0.612
11/4/19 13:30,10.1,33.42,485.7,0.729
11/4/19 13:45,10.48,32.78,463.1,0.755
11/4/19 14:00,10.71,32.64,409.5,0.553
11/4/19 14:15,10.75,32.64,440.4,0.966
11/4/19 14:30,10.88,32.87,391.6,0.784
11/4/19 14:45,11.06,32.22,370.2,0.569
11/4/19 15:00,11.21,32.22,374,0.818
11/4/19 15:15,11.35,32.59,313.4,0.525
11/4/19 15:30,11.36,32.64,267.8,0.471
11/4/19 15:45,11.46,33.34,229.2,0.787
11/4/19 16:00,11.43,34.27,197.9,1.285
11/4/19 16:15,11.37,34.06,166.2,1.538
11/4/19 16:30,11.12,35.27,129.4,0.879
11/4/19 16:45,11.05,36.6,87,0.697
11/4/19 17:00,9.51,41.86,26.59,0.088
11/4/19 17:15,8.3,44.81,13.81,0.05
11/4/19 17:30,7.325,47.26,5.823,0
11/4/19 17:45,6.85,51.33,1.184,0.178
11/4/19 18:00,6.319,52.26,0.014,0.031
11/4/19 18:15,5.253,61.47,0,0.064
11/4/19 18:30,4.11,61.76,0,0.025
11/4/19 18:45,4.308,65.12,0,0.102
11/4/19 19:00,3.098,66.53,0,0.017
11/4/19 19:15,2.882,70.41,0,0.115
11/4/19 19:30,2.275,69.45,0,0.026
11/4/19 19:45,2.147,73.07,0,0
11/4/19 20:00,2.174,73.99,0,0.021
11/4/19 20:15,1.438,77.04,0,0.097
11/4/19 20:30,1.028,76.25,0,0.105
11/4/19 20:45,0.889,76.23,0,0
11/4/19 21:00,0.743,81.9,0,0.088
11/4/19 21:15,0.318,81.7,0,0.063
11/4/19 21:30,0.379,81.4,0.001,0.105
11/4/19 21:45,-0.034,80.4,0.001,0.015
11/4/19 22:00,-0.139,80.1,0.001,0.249
11/4/19 22:15,-0.573,81.9,0,0.193
11/4/19 22:30,-0.858,83.5,0.001,0.276
11/4/19 22:45,-1.112,84.1,0,0.07
11/4/19 23:00,-0.945,84,0.002,0.035
11/4/19 23:15,-1.142,83.8,0.002,0.361
11/4/19 23:30,-1.172,86.1,0.001,0.004
11/4/19 23:45,-1.252,87.5,0.001,0
11/5/19 0:00,-1.385,87.8,0.001,0.001
11/5/19 0:15,-1.416,87.1,0.001,0.001
11/5/19 0:30,-1.67,87.7,0.001,0.08
11/5/19 0:45,-1.825,88.6,0.001,0.044
11/5/19 1:00,-1.938,89.2,0.001,0.125
11/5/19 1:15,-2.113,88.7,0.002,0.347
11/5/19 1:30,-2.212,89.3,0.001,0.091
11/5/19 1:45,-2.206,88.4,0.002,0.362
11/5/19 2:00,-2.369,88.5,0.002,0.177
11/5/19 2:15,-2.406,90.2,0.001,0.07
11/5/19 2:30,-2.443,89.7,0.004,0.214
11/5/19 2:45,-2.376,88.7,0.002,0.08
11/5/19 3:00,-2.821,88.9,0.001,0.377
11/5/19 3:15,-3.018,90,0.002,0.1
11/5/19 3:30,-3.097,91.3,0.005,0.239
11/5/19 3:45,-3.245,91.7,0.003,0.144
11/5/19 4:00,-3.426,90.2,0.002,0.215
11/5/19 4:15,-3.673,91.7,0.003,0.377
11/5/19 4:30,-3.698,92.5,0.003,0.049
11/5/19 4:45,-3.622,92.8,0.006,0
11/5/19 5:00,-3.595,92.5,0.001,0.282
11/5/19 5:15,-3.558,91.9,0.001,0.13
11/5/19 5:30,-3.802,91.1,0.006,0.102
11/5/19 5:45,-3.949,92,0.002,0.197
11/5/19 6:00,-4.058,92.8,0.006,0.022
11/5/19 6:15,-4.055,93,0.003,0.158
11/5/19 6:30,-4.138,93.6,0.006,0.054
11/5/19 6:45,-4.209,94,0.103,0.012
11/5/19 7:00,-4.302,94.4,2.637,0.221
11/5/19 7:15,-4.23,94.7,6.992,0.207
11/5/19 7:30,-4.208,93.9,15.27,0.061
11/5/19 7:45,-4.182,93.8,22.61,0.073
11/5/19 8:00,-3.876,93.7,78.05,0.111
11/5/19 8:15,-3.12,91.4,154.3,0
11/5/19 8:30,-2.1,86.5,178.8,0.19
11/5/19 8:45,-0.698,82.5,224.4,0.114
11/5/19 9:00,0.304,77.41,263.2,0.3
11/5/19 9:15,1.378,74.26,299.5,0.308
11/5/19 9:30,2.099,72.46,334.1,0.574
11/5/19 9:45,2.502,73.55,367.1,1.179
11/5/19 10:00,3.069,68.88,398.9,1.072
11/5/19 10:15,3.811,67.23,427.4,0.856
11/5/19 10:30,4.434,65.44,452.9,0.733
11/5/19 10:45,5.1,62.84,475.8,0.549
11/5/19 11:00,5.741,59.23,494.9,0.983
11/5/19 11:15,6.52,57.07,512.8,0.652
11/5/19 11:30,7.188,54.51,524.7,0.754
11/5/19 11:45,7.831,51.85,535.6,0.994
11/5/19 12:00,8.59,49.58,541.1,0.736
11/5/19 12:15,9.18,48.07,543.7,1.392
11/5/19 12:30,9.46,45.51,542.9,1.219
11/5/19 12:45,10.37,43.38,540.1,0.596
11/5/19 13:00,10.49,44.39,532.1,0.655
11/5/19 13:15,11.16,41.66,520.1,1.074
11/5/19 13:30,11.26,40.95,504.6,1.089
11/5/19 13:45,11.68,40.14,486.4,0.936
11/5/19 14:00,12.25,38.87,464.4,0.706
11/5/19 14:15,12.71,38.97,440.4,0.835
11/5/19 14:30,12.82,37.59,414.7,0.9
11/5/19 14:45,13.05,38.16,384.5,0.996
11/5/19 15:00,13.31,37.12,351.8,0.626
11/5/19 15:15,13.32,37.38,317.5,0.516
11/5/19 15:30,13.51,36.57,278,0.447
11/5/19 15:45,13.54,35.87,239.2,0.427
11/5/19 16:00,13.56,36.41,201.4,0.798
11/5/19 16:15,13.36,36.31,163.8,0.831
11/5/19 16:30,13.29,37.48,125.4,0.548
11/5/19 16:45,13.14,38.06,73.35,0.554
11/5/19 17:00,11.43,43.81,15.95,0.506
11/5/19 17:15,9.87,50.72,9.42,0.372
11/5/19 17:30,8.38,54.19,3.612,0.194
11/5/19 17:45,7.418,57.71,0.288,0.1
11/5/19 18:00,6.514,60.09,0.003,0
11/5/19 18:15,6.023,62.8,0,0
11/5/19 18:30,5.3,67.15,0,0.005
11/5/19 18:45,4.303,71.92,0,0.076
11/5/19 19:00,4.221,70.39,0,0.007
11/5/19 19:15,4.042,70.78,0,0.038
11/5/19 19:30,3.359,73.44,0,0.018
11/5/19 19:45,2.67,76.59,0,0.029
11/5/19 20:00,2.279,79.07,0,0.222
11/5/19 20:15,1.973,76.88,0,0
11/5/19 20:30,2.069,76.28,0,0.185
11/5/19 20:45,1.618,79.25,0,0.05
11/5/19 21:00,0.907,84,0,0.135
11/5/19 21:15,0.449,85,0,0.003
11/5/19 21:30,0.436,85.5,0,0.037
11/5/19 21:45,0.113,86.5,0.002,0.024
11/5/19 22:00,-0.212,86.3,0.001,0.038
11/5/19 22:15,0.084,86.1,0,0.242
11/5/19 22:30,-0.622,87.9,0,0.251
11/5/19 22:45,-0.547,86.9,0,0.436
11/5/19 23:00,-0.676,84,0,0.159
11/5/19 23:15,-0.521,84.1,0.002,0.047
11/5/19 23:30,-0.711,86.9,0.001,0.043
11/5/19 23:45,-0.863,88.3,0.002,0.226
11/6/19 0:00,-1.595,89.6,0.002,0.348
11/6/19 0:15,-1.679,89.8,0.002,0
11/6/19 0:30,-1.654,90.2,0,0.121
11/6/19 0:45,-1.557,89.6,0,0.056
11/6/19 1:00,-1.642,87.7,0.001,0.064
11/6/19 1:15,-1.604,88.4,0,0.24
11/6/19 1:30,-2.122,89.2,0.001,0.252
11/6/19 1:45,-2.118,89.9,0.002,0.15
11/6/19 2:00,-1.814,89.3,0.002,0.191
11/6/19 2:15,-2.027,90.7,0.004,0.079
11/6/19 2:30,-1.991,89.3,0.003,0.377
11/6/19 2:45,-1.814,89.5,0.001,0.272
11/6/19 3:00,-2.097,90,0.003,0.042
11/6/19 3:15,-2.307,88.2,0.002,0.429
11/6/19 3:30,-2.344,87.1,0.005,0.311
11/6/19 3:45,-2.667,89.5,0.004,0.161
11/6/19 4:00,-2.821,91,0.003,0.245
11/6/19 4:15,-2.963,92.2,0.003,0.26
11/6/19 4:30,-3.007,92.7,0.002,0.083
11/6/19 4:45,-2.98,93.1,0.003,0.08
11/6/19 5:00,-3.227,92.8,0.001,0.586
11/6/19 5:15,-3.311,93.2,0.003,0.348
11/6/19 5:30,-3.479,93.6,0.004,0.139
11/6/19 5:45,-3.431,92.7,0.005,0.169
11/6/19 6:00,-3.38,92.6,0.006,0.109
11/6/19 6:15,-3.685,93.5,0.004,0.067
11/6/19 6:30,-3.716,93.7,0.003,0.257
11/6/19 6:45,-3.888,93.6,0.063,0.01
11/6/19 7:00,-3.897,92.8,1.215,0.347
11/6/19 7:15,-4.051,93.5,5.3,0.235
11/6/19 7:30,-3.98,94.3,10.72,0.023
11/6/19 7:45,-3.734,91.9,16.62,0.09
11/6/19 8:00,-3.749,92.9,62.39,0.125
11/6/19 8:15,-3.147,91.8,94.1,0.212
11/6/19 8:30,-2.317,89.6,184.6,0
11/6/19 8:45,-1.295,84.3,221.1,0.304
11/6/19 9:00,-0.182,81.5,257.6,0.26
11/6/19 9:15,0.885,77.86,294.1,0.578
11/6/19 9:30,1.745,76.47,329.9,0.628
11/6/19 9:45,2.421,73.29,362.2,0.505
11/6/19 10:00,3.273,70.29,392.3,0.665
11/6/19 10:15,4.208,65.89,420.6,0.991
11/6/19 10:30,5.032,63.15,445.8,0.779
11/6/19 10:45,6.014,59.41,469.2,0.527
11/6/19 11:00,6.754,56.84,488.6,0.86
11/6/19 11:15,7.369,52.77,504.6,0.438
11/6/19 11:30,8.14,52.59,517.4,0.495
11/6/19 11:45,9,49.48,527.3,0.742
11/6/19 12:00,9.71,44.6,532.1,1.089
11/6/19 12:15,10.75,41,534.7,0.987
11/6/19 12:30,10.98,40.74,534.1,1.329
11/6/19 12:45,11.34,40.4,529.7,0.795
11/6/19 13:00,11.79,38.24,521.8,0.826
11/6/19 13:15,12.38,37.57,510.5,0.979
11/6/19 13:30,12.5,36.86,494.8,1.059
11/6/19 13:45,13.12,36,476.1,0.592
11/6/19 14:00,13.47,35.82,457.2,0.982
11/6/19 14:15,13.74,34.12,431.5,0.841
11/6/19 14:30,14.14,33.89,401.7,0.811
11/6/19 14:45,14.17,32.95,372.7,0.869
11/6/19 15:00,14.36,31.83,342,0.62
11/6/19 15:15,14.51,30.29,308.8,0.616
11/6/19 15:30,14.62,30.21,272.1,0.343
11/6/19 15:45,14.66,30.39,235.1,0.646
11/6/19 16:00,14.53,31.83,197.1,0.778
11/6/19 16:15,14.43,34.41,159.8,1.196
11/6/19 16:30,14.01,33.78,121.3,1.02
11/6/19 16:45,13.23,37.48,63.84,0.416
11/6/19 17:00,11.85,42.8,15.87,0.424
11/6/19 17:15,10.6,44.46,9.27,0
11/6/19 17:30,9.4,49.97,3.391,0.066
11/6/19 17:45,8.17,48.82,0.345,0.299
11/6/19 18:00,7.534,54.95,0,0.074
11/6/19 18:15,6.782,58.44,0,0.149
11/6/19 18:30,6.069,58.92,0,0.206
11/6/19 18:45,5.393,62.93,0,0.068
11/6/19 19:00,4.721,63.66,0,0.248
11/6/19 19:15,4.607,63.69,0,0.043
11/6/19 19:30,4.449,68.77,0,0.024
11/6/19 19:45,3.334,71.82,0,0
11/6/19 20:00,3.488,71.27,0,0.145
11/6/19 20:15,2.496,75.76,0,0.228
11/6/19 20:30,1.953,76.59,0,0
11/6/19 20:45,1.783,77.3,0.001,0.039
11/6/19 21:00,1.391,79.67,0.002,0.06
11/6/19 21:15,1.907,71.3,0,1.183
11/6/19 21:30,2.318,73.32,0,1.021
11/6/19 21:45,2.242,70.84,0.001,0.89
11/6/19 22:00,1.001,79.39,0,0.969
11/6/19 22:15,0.572,79.2,0,0.245
11/6/19 22:30,0.149,83,0.002,0.467
11/6/19 22:45,-0.29,86.3,0,0.038
11/6/19 23:00,-0.193,83.4,0.001,0.149
11/6/19 23:15,-0.197,83.1,0.001,0.353
11/6/19 23:30,-0.815,83.5,0.003,0.464
11/6/19 23:45,-1.066,86,0.003,0.127
11/7/19 0:00,-1.15,87.2,0,0.043
11/7/19 0:15,-1.333,86.4,0.002,0.138
11/7/19 0:30,-1.635,87.7,0,0.322
11/7/19 0:45,-1.672,86.4,0.001,0.246
11/7/19 1:00,-1.523,84.6,0.003,0.396
11/7/19 1:15,-1.825,86.5,0,0.251
11/7/19 1:30,-2.095,88.5,0.001,0.155
11/7/19 1:45,-2.37,89.8,0.001,0.08
11/7/19 2:00,-2.456,89.1,0.002,0.067
11/7/19 2:15,-2.381,87.8,0.001,0.263
11/7/19 2:30,-2.237,86.2,0.001,0.517
11/7/19 2:45,-2.379,87.4,0.002,0.243
11/7/19 3:00,-2.564,89.1,0.002,0.082
11/7/19 3:15,-2.726,88.8,0.003,0.089
11/7/19 3:30,-2.773,90,0.004,0.418
11/7/19 3:45,-3.049,90.2,0.003,0.221
11/7/19 4:00,-3.178,90.3,0.006,0.259
11/7/19 4:15,-3.103,87.7,0.003,0.506
11/7/19 4:30,-3.014,87.3,0.003,0.361
11/7/19 4:45,-2.897,85.5,0.002,0.274
11/7/19 5:00,-2.941,87.8,0,0.128
11/7/19 5:15,-3.456,90,0.004,0.188
11/7/19 5:30,-3.594,89.6,0.002,0.14
11/7/19 5:45,-3.765,91.1,0.002,0.05
11/7/19 6:00,-3.745,92.2,0.002,0.185
11/7/19 6:15,-3.856,92.9,0.003,0
11/7/19 6:30,-3.955,91.1,0.006,0.147
11/7/19 6:45,-4.022,91.4,0.069,0.119
11/7/19 7:00,-4.168,91.2,1.582,0.01
11/7/19 7:15,-4.235,91.6,6.209,0.376
11/7/19 7:30,-4.336,92.3,12.74,0
11/7/19 7:45,-4.138,92.3,18.78,0.264
11/7/19 8:00,-3.979,89.6,58.98,0.121
11/7/19 8:15,-3.193,87.9,150.2,0.024
11/7/19 8:30,-2.16,87.9,177,0.155
11/7/19 8:45,-1.489,87.4,214.3,0.152
11/7/19 9:00,-0.904,86.1,251.1,0.374
11/7/19 9:15,0.179,82,288.7,0.182
11/7/19 9:30,0.853,79.86,324.9,0.461
11/7/19 9:45,1.448,73.57,357,0.802
11/7/19 10:00,2.211,70.08,389.1,0.533
11/7/19 10:15,3.079,65.81,419.3,0.39
11/7/19 10:30,3.398,63.25,444.5,0.548
11/7/19 10:45,4.585,60.62,472.4,0.36
11/7/19 11:00,5.141,56.76,505.3,0.742
11/7/19 11:15,5.84,52.35,468.6,0.632
11/7/19 11:30,6.299,52.95,459.2,0.856
11/7/19 11:45,7.156,48.2,528.8,0.88
11/7/19 12:00,7.695,45.86,534.6,0.987
11/7/19 12:15,8.28,43.59,534.4,1.154
11/7/19 12:30,9.03,41.99,536.9,1.216
11/7/19 12:45,9.62,41.89,531.8,0.696
11/7/19 13:00,9.94,40.38,522.3,0.509
11/7/19 13:15,10.52,40.69,514.1,1.133
11/7/19 13:30,11.16,38.71,494.2,0.889
11/7/19 13:45,11.44,39.57,478.7,0.98
11/7/19 14:00,11.61,37.77,457.3,0.819
11/7/19 14:15,11.93,37.44,431,0.548
11/7/19 14:30,12.39,36.34,402.9,0.507
11/7/19 14:45,12.99,35.19,374.2,0.493
11/7/19 15:00,13.32,35.11,341.8,0.616
11/7/19 15:15,13.32,34.02,307.7,0.926
11/7/19 15:30,13.29,34.85,271.1,0.837
11/7/19 15:45,13.4,35.01,234.2,0.422
11/7/19 16:00,13.29,35.11,196.9,0.887
11/7/19 16:15,13.18,35.84,158.9,0.772
11/7/19 16:30,12.54,38.74,109.1,0.276
11/7/19 16:45,11.54,41.33,46.79,0.52
11/7/19 17:00,10.02,46.5,15.76,0.101
11/7/19 17:15,8.94,47.34,7.926,0
11/7/19 17:30,8.17,52.24,1.891,0.129
11/7/19 17:45,7.275,52.5,0.131,0.018
11/7/19 18:00,6.552,54.87,0,0
11/7/19 18:15,6.11,61.23,0,0.045
11/7/19 18:30,4.877,65.07,0,0.106
11/7/19 18:45,4.269,66.55,0,0
11/7/19 19:00,3.934,67,0,0
11/7/19 19:15,3.904,61.89,0,0.669
11/7/19 19:30,4.009,66.66,0,0.382
11/7/19 19:45,3.32,70.1,0,0.255
11/7/19 20:00,2.252,73.36,0,0.089
11/7/19 20:15,2.092,71.93,0,0
11/7/19 20:30,1.932,73.13,0,0
11/7/19 20:45,1.655,78.05,0,0
11/7/19 21:00,1.657,72.4,0,0.005
11/7/19 21:15,1.588,74.14,0,0.067
11/7/19 21:30,1.051,74.72,0,0.201
11/7/19 21:45,0.703,75.48,0,0
11/7/19 22:00,0.233,81.6,0,0.104
11/7/19 22:15,-0.567,83.1,0,0.107
11/7/19 22:30,-0.723,83.5,0.002,0.073
11/7/19 22:45,-0.867,84.9,0.002,0.179
11/7/19 23:00,-0.977,81.3,0.001,0.02
11/7/19 23:15,-1.103,85,0.001,0.068
11/7/19 23:30,-1.424,87.1,0.002,0.019
11/7/19 23:45,-1.662,87.2,0.002,0.22
11/8/19 0:00,-1.689,87.2,0.004,0.217
11/8/19 0:15,-1.794,87.6,0.003,0
11/8/19 0:30,-1.778,84.7,0,0.019
11/8/19 0:45,-1.844,83.7,0.003,0.07
11/8/19 1:00,-1.996,84.5,0.006,0.083
11/8/19 1:15,-2.292,85.9,0.001,0.02
11/8/19 1:30,-2.508,86.1,0.003,0
11/8/19 1:45,-2.436,87.4,0.004,0.122
11/8/19 2:00,-2.805,86.9,0.002,0.129
11/8/19 2:15,-2.85,87.6,0.005,0
11/8/19 2:30,-2.924,88.2,0.004,0.028
11/8/19 2:45,-2.948,88.7,0.003,0.404
11/8/19 3:00,-3.223,89.1,0.002,0.015
11/8/19 3:15,-3.089,88.9,0.005,0.042
11/8/19 3:30,-3.125,86.7,0.005,0.477
11/8/19 3:45,-3.26,86.4,0.004,0.204
11/8/19 4:00,-3.381,87.6,0.004,0.037
11/8/19 4:15,-3.531,89.5,0.005,0.062
11/8/19 4:30,-3.671,90.9,0.002,0.11
11/8/19 4:45,-3.759,91.2,0.002,0.004
11/8/19 5:00,-3.688,91.8,0.002,0.021
11/8/19 5:15,-3.779,91.8,0.003,0.063
11/8/19 5:30,-3.923,91.7,0.005,0.121
11/8/19 5:45,-4.084,92.5,0.008,0.153
11/8/19 6:00,-4.012,92.7,0.006,0.068
11/8/19 6:15,-4.11,93,0.006,0.08
11/8/19 6:30,-4.143,92.9,0.006,0.227
11/8/19 6:45,-4.181,92.1,0.057,0.002
11/8/19 7:00,-4.194,92.7,1.367,0.02
11/8/19 7:15,-4.039,91,5.314,0.335
11/8/19 7:30,-4.091,90.7,11.57,0
11/8/19 7:45,-4.08,90,21.08,0
11/8/19 8:00,-3.959,91,61.36,0.059
11/8/19 8:15,-3.313,89.3,126.9,0
11/8/19 8:30,-2.528,86.1,140.2,0.06
11/8/19 8:45,-1.363,82.9,206.3,0.113
11/8/19 9:00,-0.547,81.2,241.7,0.04
11/8/19 9:15,0.238,77.98,281.4,0.563
11/8/19 9:30,1.263,77.54,318.3,0.632
11/8/19 9:45,1.756,76.32,349.9,0.857
11/8/19 10:00,2.484,69.56,381,0.457
11/8/19 10:15,3.662,64.37,412.5,0.564
11/8/19 10:30,4.415,61.34,436.7,0.943
11/8/19 10:45,4.685,59.91,457.9,0.963
11/8/19 11:00,5.583,57.05,479,0.693
11/8/19 11:15,6.442,56.84,494.7,0.946
11/8/19 11:30,6.451,53.89,509.7,0.75
11/8/19 11:45,7.214,52.32,518.2,0.509
11/8/19 12:00,7.854,49.95,524.8,0.725
11/8/19 12:15,8.45,47.46,528.5,0.644
11/8/19 12:30,9.32,44.31,529.2,0.587
11/8/19 12:45,10.24,42.7,524.2,0.581
11/8/19 13:00,10.67,39.84,515.7,0.825
11/8/19 13:15,11.22,37.91,501.4,0.546
11/8/19 13:30,11.51,36.97,487.1,0.89
11/8/19 13:45,12.08,35.04,470.5,0.638
11/8/19 14:00,12.39,34.36,449.3,0.662
11/8/19 14:15,12.87,32.43,425.8,0.752
11/8/19 14:30,13.23,31.94,398.7,0.571
11/8/19 14:45,13.67,32.35,368,0.854
11/8/19 15:00,13.81,31.89,335,0.735
11/8/19 15:15,13.87,31.03,300.7,0.382
11/8/19 15:30,14.01,31.68,263.7,0.386
11/8/19 15:45,14.12,31.64,228.2,0.506
11/8/19 16:00,13.95,32.14,190.5,0.431
11/8/19 16:15,13.83,32.19,152.9,0.576
11/8/19 16:30,13.62,32.79,116.4,0.345
11/8/19 16:45,13.03,35.4,57.55,0.228
11/8/19 17:00,11.23,38.63,14.24,0.006
11/8/19 17:15,10.29,42.25,7.788,0.036
11/8/19 17:30,8.81,47.26,2.732,0.008
11/8/19 17:45,8.1,49.55,0.372,0.207
11/8/19 18:00,7.482,53.65,0,0
11/8/19 18:15,6.425,58.89,0,0.044
11/8/19 18:30,5.82,61.26,0,0.016
11/8/19 18:45,4.965,66.08,0,0
11/8/19 19:00,4.042,68.75,0,0
11/8/19 19:15,3.986,65.65,0,0.008
11/8/19 19:30,3.339,73.99,0,0.122
11/8/19 19:45,2.914,72.2,0,0.043
11/8/19 20:00,2.647,71.06,0,0.066
11/8/19 20:15,2.551,74.03,0,0.054
11/8/19 20:30,1.993,76.68,0.001,0.109
11/8/19 20:45,1.395,79.33,0,0.085
11/8/19 21:00,1.129,78.58,0,0
11/8/19 21:15,0.954,82,0.001,0.079
11/8/19 21:30,0.57,83,0,0.153
11/8/19 21:45,0.574,78.89,0.001,0.131
11/8/19 22:00,0.496,82.5,0,0.025
11/8/19 22:15,0.312,79.75,0,0.12
11/8/19 22:30,0.074,84.3,0,0.277
11/8/19 22:45,-0.402,83.2,0.001,0.099
11/8/19 23:00,-0.335,82.9,0.001,0.08
11/8/19 23:15,-0.562,82.6,0.001,0.132
11/8/19 23:30,-0.786,83.6,0.001,0.055
11/8/19 23:45,-0.791,82.8,0.002,0.16
11/9/19 0:00,-1.019,84.6,0.003,0.47
11/9/19 0:15,-1.281,82.4,0.004,0.332
11/9/19 0:30,-1.347,84.2,0.002,0.116
11/9/19 0:45,-1.663,85.9,0.008,0.112
11/9/19 1:00,-1.693,86.4,0.002,0
11/9/19 1:15,-1.909,87.6,0.004,0.064
11/9/19 1:30,-2.032,88.8,0,0.046
11/9/19 1:45,-2.145,88.4,0.001,0.195
11/9/19 2:00,-2.26,88.8,0.003,0.08
11/9/19 2:15,-2.432,86.7,0,0.145
11/9/19 2:30,-2.618,89,0.001,0.007
11/9/19 2:45,-2.779,90.3,0.003,0
11/9/19 3:00,-2.726,90.5,0.006,0.05
11/9/19 3:15,-2.75,89.4,0.002,0.201
11/9/19 3:30,-3.006,87.6,0.003,0.259
11/9/19 3:45,-3.202,87.2,0.001,0
11/9/19 4:00,-3.332,89.5,0.003,0.064
11/9/19 4:15,-3.432,90.5,0.002,0.108
11/9/19 4:30,-3.415,91.6,0.005,0.015
11/9/19 4:45,-3.609,91.6,0.002,0.024
11/9/19 5:00,-3.703,91,0,0.106
11/9/19 5:15,-3.646,90,0.005,0.215
11/9/19 5:30,-3.948,91.7,0.004,0.067
11/9/19 5:45,-3.718,91.6,0.005,0.076
11/9/19 6:00,-3.604,90.2,0.001,0.055
11/9/19 6:15,-3.664,90.6,0.002,0.044
11/9/19 6:30,-3.903,92.3,0.005,0.035
11/9/19 6:45,-3.982,92.3,0.032,0.012
11/9/19 7:00,-3.887,92.9,0.928,0.15
11/9/19 7:15,-4.085,93.4,4.625,0.001
11/9/19 7:30,-4.351,94.3,10.18,0.025
11/9/19 7:45,-4.35,92.4,15.25,0.433
11/9/19 8:00,-4.396,90.2,44.43,0.293
11/9/19 8:15,-3.655,89.7,146.2,0.011
11/9/19 8:30,-2.612,88.3,178.1,0
11/9/19 8:45,-1.752,85.2,209.3,0.494
11/9/19 9:00,-1.272,84,246.9,0.596
11/9/19 9:15,-0.355,80.5,284,0.144
11/9/19 9:30,0.695,77.07,319.1,0.291
11/9/19 9:45,1.41,73.75,350.8,0.558
11/9/19 10:00,2.165,71.96,381.7,0.452
11/9/19 10:15,3.066,66.93,412,0.599
11/9/19 10:30,3.794,62.28,438.1,0.336
11/9/19 10:45,4.594,59.47,461,0.418
11/9/19 11:00,5.555,53.08,482.5,0.731
11/9/19 11:15,6.62,48.81,499,0.517
11/9/19 11:30,7.642,46.69,511.3,0.565
11/9/19 11:45,8.5,43.25,520.3,0.495
11/9/19 12:00,9.15,41.89,527.2,0.673
11/9/19 12:15,10.07,39.91,529.1,0.739
11/9/19 12:30,10.62,38.69,528.5,0.574
11/9/19 12:45,11.24,36.5,522.5,0.968
11/9/19 13:00,11.96,34.83,513,0.568
11/9/19 13:15,12.6,32.98,502.4,1.04
11/9/19 13:30,13.23,30.21,487.1,0.853
11/9/19 13:45,13.71,29.31,468.9,0.735
11/9/19 14:00,13.99,29.25,446.5,0.402
11/9/19 14:15,14.27,28.02,424,0.655
11/9/19 14:30,14.59,27.73,396.9,0.615
11/9/19 14:45,14.87,28.98,366.6,0.64
11/9/19 15:00,14.79,28.72,333.9,1.163
11/9/19 15:15,14.88,29.3,299.1,0.956
11/9/19 15:30,14.86,30.47,262,0.666
11/9/19 15:45,14.82,29.58,225.9,0.822
11/9/19 16:00,14.89,29.61,188.5,0.348
11/9/19 16:15,14.67,30.44,151,0.336
11/9/19 16:30,14.55,29.92,113.2,0.08
11/9/19 16:45,13.57,33.44,54.46,0.126
11/9/19 17:00,11.71,39.65,13.24,0.089
11/9/19 17:15,10.33,43.24,7.324,0.009
11/9/19 17:30,9.31,44.93,2.545,0
11/9/19 17:45,8.65,48.27,0.223,0.124
11/9/19 18:00,8.16,49.32,0.001,0.341
11/9/19 18:15,7.167,54.72,0,0.165
11/9/19 18:30,6.121,62.85,0,0.09
11/9/19 18:45,4.644,60.06,0,0.095
11/9/19 19:00,4.624,65.62,0,0.327
11/9/19 19:15,4.443,64.39,0,0.15
11/9/19 19:30,3.757,69.09,0,0.072
11/9/19 19:45,3.919,64.21,0,0.471
11/9/19 20:00,3.43,70.26,0,0.093
11/9/19 20:15,3.232,65.95,0,0.195
11/9/19 20:30,2.783,70.32,0,0.108
11/9/19 20:45,2.087,74.88,0,0.242
11/9/19 21:00,1.587,72.3,0.001,0.227
11/9/19 21:15,1.884,70.03,0,0.541
11/9/19 21:30,1.754,72.79,0.001,0.078
11/9/19 21:45,1.175,73.23,0.001,0.346
11/9/19 22:00,1.301,74.38,0,0.421
11/9/19 22:15,0.725,74.1,0,0.141
11/9/19 22:30,0.475,75.97,0.001,0.295
11/9/19 22:45,0.232,79.56,0,0.032
11/9/19 23:00,-0.011,80.6,0.001,0.118
11/9/19 23:15,0.184,74.41,0.002,0.884
11/9/19 23:30,0.601,72.35,0.002,0.85
11/9/19 23:45,-0.23,77.83,0.004,0.091
11/10/19 0:00,-0.296,74.7,0.002,0.088
11/10/19 0:15,-0.241,78.03,0.001,0.421
11/10/19 0:30,-0.111,76.81,0,0.531
11/10/19 0:45,-0.471,81.7,0.001,0.256
11/10/19 1:00,-0.514,72.69,0.003,0.682
11/10/19 1:15,-0.125,72.93,0,0.447
11/10/19 1:30,-0.158,72.56,0.004,0.11
11/10/19 1:45,-0.409,74.64,0.004,0.493
11/10/19 2:00,-0.842,76.13,0,0
11/10/19 2:15,-1.231,78.06,0.003,0.185
11/10/19 2:30,-1.437,76.52,0.003,0.095
11/10/19 2:45,-1.838,81,0.004,0.133
11/10/19 3:00,-2.256,83.3,0.003,0.235
11/10/19 3:15,-2.252,83.5,0.002,0.244
11/10/19 3:30,-2.474,84.3,0.001,0.122
11/10/19 3:45,-2.518,85.8,0.003,0.024
11/10/19 4:00,-2.301,84.9,0.006,0.344
11/10/19 4:15,-2.199,84.5,0.004,0.499
11/10/19 4:30,-1.954,80.1,0.002,0.88
11/10/19 4:45,-2.309,80,0.004,0.707
11/10/19 5:00,-2.433,80.6,0.006,0.403
11/10/19 5:15,-2.316,81.4,0.004,0.284
11/10/19 5:30,-2.749,84.1,0.003,0.215
11/10/19 5:45,-2.937,85.8,0.005,0.007
11/10/19 6:00,-2.895,85.6,0.003,0.126
11/10/19 6:15,-2.993,85.5,0.003,0.055
11/10/19 6:30,-2.908,83.6,0.002,0.431
11/10/19 6:45,-2.976,83.4,0.029,0.046
11/10/19 7:00,-3.183,86.1,0.875,0.544
11/10/19 7:15,-3.191,86.5,4.346,0.195
11/10/19 7:30,-3.034,86,8.97,0.167
11/10/19 7:45,-2.69,82.5,24.12,0.131
11/10/19 8:00,-2.534,81.5,57.77,0.005
11/10/19 8:15,-1.644,78.43,121.2,0.741
11/10/19 8:30,-1.152,77.83,100.5,0.033
11/10/19 8:45,-0.543,76.11,130.6,0.225
11/10/19 9:00,-0.059,75.93,198.8,0.462
11/10/19 9:15,1.059,76.02,284.6,0.814
11/10/19 9:30,1.677,69.36,303.2,1.075
11/10/19 9:45,2.812,62.71,361.6,1.118
11/10/19 10:00,3.917,57.26,401,0.701
11/10/19 10:15,5.137,54.93,345.1,0.444
11/10/19 10:30,5.207,52.16,364.2,0.865
11/10/19 10:45,5.77,54.08,379.2,0.758
11/10/19 11:00,6.563,48.75,497.1,0.544
11/10/19 11:15,7.532,46.09,467.7,0.772
11/10/19 11:30,7.977,45.78,318.4,0.348
11/10/19 11:45,8.75,39.84,491,0.676
11/10/19 12:00,9.56,39.24,538,0.986
11/10/19 12:15,10.23,36.6,621.7,0.899
11/10/19 12:30,11.62,33.47,622.2,0.504
11/10/19 12:45,12.06,32.85,519.9,0.946
11/10/19 13:00,12.1,32.27,367.1,0.44
11/10/19 13:15,12.63,31.88,469.1,0.989
11/10/19 13:30,12.85,31.57,334.6,0.839
11/10/19 13:45,12.82,30.78,288.6,0.688
11/10/19 14:00,12.85,31.52,385,0.836
11/10/19 14:15,13.29,30.37,433.2,1.031
11/10/19 14:30,13.77,29.61,450,1.173
11/10/19 14:45,14.23,29.61,326.5,0.858
11/10/19 15:00,14.8,28.65,436.7,0.615
11/10/19 15:15,14.46,29.17,227.2,0.941
11/10/19 15:30,14.6,28.62,240.1,0.64
11/10/19 15:45,14.61,28.72,203.8,0.306
11/10/19 16:00,14.56,30.28,171.8,0.276
11/10/19 16:15,14.18,32.29,118.7,0.842
11/10/19 16:30,13.52,32.14,89.3,0.221
11/10/19 16:45,12.83,34.31,56.6,0.266
11/10/19 17:00,11.72,38.71,24.42,0.263
11/10/19 17:15,10.93,38.89,10.96,0.059
11/10/19 17:30,10.47,46.57,5.248,0.06
11/10/19 17:45,9.49,48.7,0.184,0.414
11/10/19 18:00,8.71,53.09,0.001,0.227
11/10/19 18:15,7.173,59.98,0,0.25
11/10/19 18:30,6.738,55.92,0,0.022
11/10/19 18:45,6.197,59.62,0,0.127
11/10/19 19:00,5.837,63.11,0,0.28
11/10/19 19:15,5.254,65.15,0,0.488
11/10/19 19:30,4.497,67.88,0,0.298
11/10/19 19:45,4.21,68.68,0,0.407
11/10/19 20:00,3.844,68.06,0,0.168
11/10/19 20:15,3.349,70.57,0,0.139
11/10/19 20:30,3.238,70.1,0,0.003
11/10/19 20:45,3.166,70.89,0,0.62
11/10/19 21:00,3.085,71.14,0.001,0.369
11/10/19 21:15,2.796,70.89,0.001,0.98
11/10/19 21:30,3.087,67.6,0,0.746
11/10/19 21:45,3.645,63.59,0,1.193
11/10/19 22:00,3.476,65.57,0,0.305
11/10/19 22:15,3.748,63.72,0,1.003
11/10/19 22:30,4.031,65.31,0,0.589
11/10/19 22:45,4.198,62.42,0,0.894
11/10/19 23:00,4.23,64.19,0,0.544
11/10/19 23:15,3.667,67.68,0,0.447
11/10/19 23:30,3.255,69.74,0,0.607
11/10/19 23:45,2.77,71.95,0,0.258
11/11/19 0:00,2.558,73.08,0,0.543
11/11/19 0:15,2.078,79.98,0,0.287
11/11/19 0:30,2.233,76.54,0,0.206
11/11/19 0:45,3.239,71.05,0.001,0.24
11/11/19 1:00,4.235,68.31,0,0.199
11/11/19 1:15,4.586,72.45,0.001,0.265
11/11/19 1:30,4.47,69.82,0.001,0.178
11/11/19 1:45,4.985,68.96,0,0.188
11/11/19 2:00,4.366,70.81,0,0.025
11/11/19 2:15,4.359,73.08,0,0.464
11/11/19 2:30,4.78,68.39,0,0.903
11/11/19 2:45,5.555,64.92,0,1.325
11/11/19 3:00,5.269,62.52,0,1.741
11/11/19 3:15,5.236,60.07,0.001,1.251
11/11/19 3:30,5.186,58.71,0.001,0.653
11/11/19 3:45,5.627,52.35,0,1.121
11/11/19 4:00,5.553,53.11,0,0.987
11/11/19 4:15,5.324,54.28,0,0.787
11/11/19 4:30,4.773,54.88,0,0.712
11/11/19 4:45,4.098,55.22,0,0.607
11/11/19 5:00,3.594,55.79,0,0.289
11/11/19 5:15,2.706,60.12,0,0.275
11/11/19 5:30,2.015,64.71,0.001,1.273
11/11/19 5:45,1.942,64.34,0,0.317
11/11/19 6:00,1.349,70.36,0,0.451
11/11/19 6:15,0.139,73.78,0,0.438
11/11/19 6:30,-0.064,76.79,0.001,0.457
11/11/19 6:45,-0.638,75.96,0.008,0.332
11/11/19 7:00,-0.765,77.9,0.466,0.106
11/11/19 7:15,-1.257,80.6,3.56,0.09
11/11/19 7:30,-1.596,81,9.68,0.298
11/11/19 7:45,-1.641,82.3,15.93,0.162
11/11/19 8:00,-1.574,81.1,32.9,0
11/11/19 8:15,-0.806,73.87,125.9,0.428
11/11/19 8:30,0.237,72.36,164.7,0.253
11/11/19 8:45,1.285,67.98,204.1,0.699
11/11/19 9:00,2.399,62.94,242.8,0.66
11/11/19 9:15,3.584,55.67,279.3,0.168
11/11/19 9:30,4.297,51.99,303.4,0.386
11/11/19 9:45,4.596,49.95,345.1,0.523
11/11/19 10:00,5.171,47.71,385.3,0.356
11/11/19 10:15,5.192,47.14,404.3,0.601
11/11/19 10:30,5.698,43.75,449.9,0.334
11/11/19 10:45,6.105,44.66,429.3,0.854
11/11/19 11:00,6.544,42.23,482.9,0.879
11/11/19 11:15,6.956,41.58,473.9,1.006
11/11/19 11:30,6.707,42.37,488.7,0.803
11/11/19 11:45,7.068,40.12,510.8,0.592
11/11/19 12:00,7.936,39.6,513.3,0.731
11/11/19 12:15,7.685,39.11,523.9,1.306
11/11/19 12:30,8.15,38.87,525.1,1.251
11/11/19 12:45,8.16,36.6,520,1.239
11/11/19 13:00,8.43,38.09,512.6,1.165
11/11/19 13:15,8.91,36.79,501,1.044
11/11/19 13:30,8.96,36.76,486.3,1.04
11/11/19 13:45,9.48,36.39,452.4,1.23
11/11/19 14:00,9.44,35.9,450.1,0.924
11/11/19 14:15,9.63,35.19,414,0.903
11/11/19 14:30,9.63,34.12,387.8,1.192
11/11/19 14:45,9.73,32.06,354.3,0.993
11/11/19 15:00,9.87,31.54,326.3,0.793
11/11/19 15:15,9.92,29.93,311.4,0.875
11/11/19 15:30,10.05,28.99,272.4,0.506
11/11/19 15:45,10.23,27.94,230,0.928
11/11/19 16:00,10.18,28.51,191.6,0.737
11/11/19 16:15,9.96,27.99,150.3,0.874
11/11/19 16:30,9.71,27.79,109.7,0.952
11/11/19 16:45,9.21,31.96,45.92,0.403
11/11/19 17:00,7.664,33.27,11.15,0
11/11/19 17:15,6.938,37.59,5.286,0.641
11/11/19 17:30,6.13,41.92,1.117,0.407
11/11/19 17:45,5.361,44.63,0.032,0.402
11/11/19 18:00,5.304,43.56,0,0.819
11/11/19 18:15,4.152,48.67,0,0.351
11/11/19 18:30,3.648,53.23,0,0.468
11/11/19 18:45,3.196,54.85,0,0.194
11/11/19 19:00,2.793,54.38,0,0.56
11/11/19 19:15,2.706,57.69,0,0.843
11/11/19 19:30,1.906,63.04,0,0.034
11/11/19 19:45,1.383,62.91,0,0.257
11/11/19 20:00,0.854,66.14,0,0.076
11/11/19 20:15,0.988,61.53,0.001,0.019
11/11/19 20:30,0.946,64.89,0.001,0.094
11/11/19 20:45,0.017,75.79,0.001,0.016
11/11/19 21:00,-0.855,75.5,0,0.348
11/11/19 21:15,-0.923,73.68,0,0.127
11/11/19 21:30,-0.775,70.23,0,0.772
11/11/19 21:45,-0.747,74.69,0.002,0.309
11/11/19 22:00,-1.271,77.51,0.001,0.061
11/11/19 22:15,-1.907,77.28,0,0.156
11/11/19 22:30,-2.192,79.02,0.002,0.225
11/11/19 22:45,-2.253,80.7,0.003,0.159
11/11/19 23:00,-2.204,79.59,0.004,0.121
11/11/19 23:15,-2.357,77.04,0.003,0.481
11/11/19 23:30,-2.74,76.76,0.003,0.6
11/11/19 23:45,-2.622,74.51,0.006,0.487
11/12/19 0:00,-3.081,76.63,0.005,0.8
11/12/19 0:15,-3.094,75.55,0.01,0.735
11/12/19 0:30,-3.225,74.78,0.007,0.407
11/12/19 0:45,-3.677,77.92,0.002,0.261
11/12/19 1:00,-3.908,80.2,0.007,0.046
11/12/19 1:15,-3.722,82.2,0.001,0.061
11/12/19 1:30,-3.818,83.1,0.002,0.388
11/12/19 1:45,-3.685,81.1,0.006,0.144
11/12/19 2:00,-3.604,80.7,0.004,0.052
11/12/19 2:15,-3.928,80,0.003,0.713
11/12/19 2:30,-4.155,79.15,0.005,0.339
11/12/19 2:45,-3.96,77.04,0.009,0.684
11/12/19 3:00,-3.851,79.5,0.004,0.757
11/12/19 3:15,-4.248,83,0.007,0.504
11/12/19 3:30,-3.852,79.39,0.008,0.76
11/12/19 3:45,-3.302,71.07,0.002,0.77
11/12/19 4:00,-3.914,78.5,0.005,0.962
11/12/19 4:15,-4.958,82.5,0.006,0.994
11/12/19 4:30,-5.033,84.8,0.006,0.335
11/12/19 4:45,-5.413,87.1,0,0.078
11/12/19 5:00,-5.537,88.4,0.005,0.041
11/12/19 5:15,-5.321,86,0.001,0.152
11/12/19 5:30,-5.224,84,0.006,0.137
11/12/19 5:45,-5.659,88.1,0.004,0.185
11/12/19 6:00,-5.676,88,0.003,0.296
11/12/19 6:15,-5.703,86.4,0.006,0.271
11/12/19 6:30,-5.916,87.6,0.008,0.022
11/12/19 6:45,-5.808,86.7,0.019,0.557
11/12/19 7:00,-5.888,85.9,0.602,0.698
11/12/19 7:15,-5.687,85.4,3.339,0.174
11/12/19 7:30,-5.954,88.6,9.94,0.317
11/12/19 7:45,-5.874,88.7,16.79,0.614
11/12/19 8:00,-5.491,86.3,27.49,0.374
11/12/19 8:15,-4.941,84.4,105,0
11/12/19 8:30,-3.664,78.22,163.9,0.386
11/12/19 8:45,-2.924,76.01,194.8,0.944
11/12/19 9:00,-2.888,75.88,232.1,0.719
11/12/19 9:15,-2.199,71,267.4,0.402
11/12/19 9:30,-1.303,69.15,304,1.168
11/12/19 9:45,-0.136,62.73,313,0.607
11/12/19 10:00,0.679,63.57,356.7,0.34
11/12/19 10:15,1.535,58.74,400.6,0.659
11/12/19 10:30,1.833,59.14,409.1,1.289
11/12/19 10:45,2.595,54.96,429.1,0.651
11/12/19 11:00,3.22,54.96,433.5,0.807
11/12/19 11:15,3.487,53.29,392.9,0.921
11/12/19 11:30,4.201,48.83,462.6,0.863
11/12/19 11:45,4.878,47.4,411.5,0.803
11/12/19 12:00,5.294,45.91,405.8,0.762
11/12/19 12:15,5.644,44.97,399,1.135
11/12/19 12:30,5.818,44.34,392.8,0.691
11/12/19 12:45,6.344,43.82,415.2,0.846
11/12/19 13:00,6.668,42.36,387.4,0.926
11/12/19 13:15,7.306,40.41,421.8,0.97
11/12/19 13:30,7.773,40.28,470.4,0.697
11/12/19 13:45,8.13,39.93,421.3,0.853
11/12/19 14:00,8.35,38.48,423.3,0.84
11/12/19 14:15,8.98,37.02,406.1,0.557
11/12/19 14:30,9.31,36.24,370.2,0.348
11/12/19 14:45,9.6,36.97,244.2,0.825
11/12/19 15:00,9.44,36.91,199.3,1.425